case_id,query,intent_expected,action_expected,domain,test_type,context,group_id,difficulty,design_logic,tags,meta,type,expected_intent,step
播放_音乐-e5791a25,切到轻松风格,播放_音乐,,MEDIA,BASE,,,2.0,模板填充生成基础表达,"['MEDIA', 'BASE']",{'template': '切到{mood}风格'},,,
播放_音乐-31384e7e,切到安静风格,播放_音乐,,MEDIA,BASE,,,2.0,模板填充生成基础表达,"['MEDIA', 'BASE']",{'template': '切到{mood}风格'},,,
播放_音乐-8101feb4,来点R&B音乐,播放_音乐,,MEDIA,BASE,,,2.0,模板填充生成基础表达,"['MEDIA', 'BASE']",{'template': '来点{genre}音乐'},,,
播放_音乐-ba71ffe5,来点摇滚音乐,播放_音乐,,MEDIA,BASE,,,2.0,模板填充生成基础表达,"['MEDIA', 'BASE']",{'template': '来点{genre}音乐'},,,
播放_音乐-13edf3d8,播放林俊杰的歌,播放_音乐,,MEDIA,BASE,,,2.0,模板填充生成基础表达,"['MEDIA', 'BASE']",{'template': '播放{artist}的歌'},,,
播放_音乐-274c6c08,换到安静风格,播放_音乐,,MEDIA,SYN,,,2.0,同义表达改写,"['MEDIA', 'SYN']",{'template': '切到{mood}风格'},,,
播放_音乐-3ac6f56a,放点摇滚音乐,播放_音乐,,MEDIA,SYN,,,2.0,同义表达改写,"['MEDIA', 'SYN']",{'template': '来点{genre}音乐'},,,
播放_音乐-a4a87841,播放薛之谦的歌,播放_音乐,,MEDIA,SYN,,,2.0,同义表达改写,"['MEDIA', 'SYN']",{'template': '播放{artist}的歌'},,,
播放_音乐-e97a82f1,播放王菲的歌,播放_音乐,,MEDIA,SYN,,,2.0,同义表达改写,"['MEDIA', 'SYN']",{'template': '播放{artist}的歌'},,,
播放_音乐-a9e7a894,播放王菲的歌,播放_音乐,,MEDIA,SYN,,,2.0,同义表达改写,"['MEDIA', 'SYN']",{'template': '播放{artist}的歌'},,,
播放_音乐-da8868be,切到·轻松风格,播放_音乐,,MEDIA,TYPO,,,3.0,TYPO 变体,"['MEDIA', 'TYPO']",{'base': '切到轻松风格'},,,
播放_音乐-bab44ad1,切到·轻松风格,播放_音乐,,MEDIA,TYPO,,,3.0,TYPO 变体,"['MEDIA', 'TYPO']",{'base': '切到轻松风格'},,,
播放_音乐-dbb5d967,麻烦你…切到轻松风格,播放_音乐,,MEDIA,SLANG,,,3.0,SLANG 变体,"['MEDIA', 'SLANG']",{'base': '切到轻松风格'},,,
播放_音乐-5d3c9c4a,切到轻松风格，劳驾,播放_音乐,,MEDIA,SLANG,,,3.0,SLANG 变体,"['MEDIA', 'SLANG']",{'base': '切到轻松风格'},,,
播放_音乐-7d8d7612,切到轻松风格,播放_音乐,,MEDIA,DIALECT,,,3.0,DIALECT 变体,"['MEDIA', 'DIALECT']",{'base': '切到轻松风格'},,,
播放_音乐-a1e96250,切到轻松风格,播放_音乐,,MEDIA,DIALECT,,,3.0,DIALECT 变体,"['MEDIA', 'DIALECT']",{'base': '切到轻松风格'},,,
播放_音乐-afd39ace,切到轻松风格啦,播放_音乐,,MEDIA,NOISE,,,3.0,NOISE 变体,"['MEDIA', 'NOISE']",{'base': '切到轻松风格'},,,
播放_音乐-e68e67bb,切到轻松风格啦,播放_音乐,,MEDIA,NOISE,,,3.0,NOISE 变体,"['MEDIA', 'NOISE']",{'base': '切到轻松风格'},,,
播放_音乐-257500d4,切到安·静风格,播放_音乐,,MEDIA,TYPO,,,3.0,TYPO 变体,"['MEDIA', 'TYPO']",{'base': '切到安静风格'},,,
播放_音乐-8e319653,切到安静风·格,播放_音乐,,MEDIA,TYPO,,,3.0,TYPO 变体,"['MEDIA', 'TYPO']",{'base': '切到安静风格'},,,
播放_音乐-7fc14b55,拜托啦…切到安静风格,播放_音乐,,MEDIA,SLANG,,,3.0,SLANG 变体,"['MEDIA', 'SLANG']",{'base': '切到安静风格'},,,
播放_音乐-0756b784,切到安静风格，诶,播放_音乐,,MEDIA,SLANG,,,3.0,SLANG 变体,"['MEDIA', 'SLANG']",{'base': '切到安静风格'},,,
播放_音乐-56cd6c8e,切到安静风格,播放_音乐,,MEDIA,DIALECT,,,3.0,DIALECT 变体,"['MEDIA', 'DIALECT']",{'base': '切到安静风格'},,,
播放_音乐-6218de66,切到安静风格,播放_音乐,,MEDIA,DIALECT,,,3.0,DIALECT 变体,"['MEDIA', 'DIALECT']",{'base': '切到安静风格'},,,
播放_音乐-86ae591a,切到安静风格啦,播放_音乐,,MEDIA,NOISE,,,3.0,NOISE 变体,"['MEDIA', 'NOISE']",{'base': '切到安静风格'},,,
播放_音乐-51dc95ae,诶…切到安静风格,播放_音乐,,MEDIA,NOISE,,,3.0,NOISE 变体,"['MEDIA', 'NOISE']",{'base': '切到安静风格'},,,
播放_音乐-accfd976,来点R&B⾳乐,播放_音乐,,MEDIA,TYPO,,,3.0,TYPO 变体,"['MEDIA', 'TYPO']",{'base': '来点R&B音乐'},,,
播放_音乐-a56bbb18,来点R&B音樂,播放_音乐,,MEDIA,TYPO,,,3.0,TYPO 变体,"['MEDIA', 'TYPO']",{'base': '来点R&B音乐'},,,
播放_音乐-415bf754,请问一下…来点R&B音乐,播放_音乐,,MEDIA,SLANG,,,3.0,SLANG 变体,"['MEDIA', 'SLANG']",{'base': '来点R&B音乐'},,,
播放_音乐-88b67d7a,来点R&B音乐，劳驾,播放_音乐,,MEDIA,SLANG,,,3.0,SLANG 变体,"['MEDIA', 'SLANG']",{'base': '来点R&B音乐'},,,
播放_音乐-a7236252,来点R&B音乐,播放_音乐,,MEDIA,DIALECT,,,3.0,DIALECT 变体,"['MEDIA', 'DIALECT']",{'base': '来点R&B音乐'},,,
播放_音乐-5791b5db,来点R&B音乐,播放_音乐,,MEDIA,DIALECT,,,3.0,DIALECT 变体,"['MEDIA', 'DIALECT']",{'base': '来点R&B音乐'},,,
播放_音乐-8d923e67,拜托…来点R&B音乐,播放_音乐,,MEDIA,NOISE,,,3.0,NOISE 变体,"['MEDIA', 'NOISE']",{'base': '来点R&B音乐'},,,
播放_音乐-54544f25,来点R&B音乐呀,播放_音乐,,MEDIA,NOISE,,,3.0,NOISE 变体,"['MEDIA', 'NOISE']",{'base': '来点R&B音乐'},,,
播放_音乐-d93ea25f,切到轻松风格,播放_音乐,,MEDIA,CTX,,CTX-33889,3.0,多轮/消歧生成,"['CTX', 'CTX_CONTINUATION']",{'seed': '切到轻松风格'},,,
播放_音乐-25543c05,换成五月天的,播放_音乐,,MEDIA,CTX,,CTX-33889,3.0,多轮/消歧生成,"['CTX', 'CTX_CONTINUATION']",{'seed': '切到轻松风格'},,,
播放_音乐-99ca5105,我想去银行,导航_POI,,MEDIA,CTX,,CTX-33889,3.0,多轮/消歧生成,"['CTX', 'DISAMBIG']",{'seed': '切到轻松风格'},,,
导航_POI-2878906d,导航到停车场,导航_POI,,NAV,BASE,,,2.0,模板填充生成基础表达,"['NAV', 'BASE']",{'template': '导航到{poi}'},,,
导航_POI-57e4f7bb,带我去北京咖啡店,导航_POI,,NAV,BASE,,,2.0,模板填充生成基础表达,"['NAV', 'BASE']",{'template': '带我去{city}{poi}'},,,
导航_POI-2f6d1a3c,去苏州的医院,导航_POI,,NAV,BASE,,,2.0,模板填充生成基础表达,"['NAV', 'BASE']",{'template': '去{city}的{poi}'},,,
导航_POI-192b9193,去上海的加油站,导航_POI,,NAV,BASE,,,2.0,模板填充生成基础表达,"['NAV', 'BASE']",{'template': '去{city}的{poi}'},,,
导航_POI-927d3330,去苏州的便利店,导航_POI,,NAV,BASE,,,2.0,模板填充生成基础表达,"['NAV', 'BASE']",{'template': '去{city}的{poi}'},,,
导航_POI-4b6149bb,导航到停车场,导航_POI,,NAV,SYN,,,2.0,同义表达改写,"['NAV', 'SYN']",{'template': '导航到{poi}'},,,
导航_POI-23090fdb,导航到便利店,导航_POI,,NAV,SYN,,,2.0,同义表达改写,"['NAV', 'SYN']",{'template': '导航到{poi}'},,,
导航_POI-d490c24e,去杭州的便利店,导航_POI,,NAV,SYN,,,2.0,同义表达改写,"['NAV', 'SYN']",{'template': '去{city}的{poi}'},,,
导航_POI-d1c6917d,去广州的咖啡店,导航_POI,,NAV,SYN,,,2.0,同义表达改写,"['NAV', 'SYN']",{'template': '去{city}的{poi}'},,,
导航_POI-e18666a7,导航到咖啡店,导航_POI,,NAV,SYN,,,2.0,同义表达改写,"['NAV', 'SYN']",{'template': '导航到{poi}'},,,
导航_POI-c8265505,到航到停车场,导航_POI,,NAV,TYPO,,,3.0,TYPO 变体,"['NAV', 'TYPO']",{'base': '导航到停车场'},,,
导航_POI-af18ee6f,到航到停车场,导航_POI,,NAV,TYPO,,,3.0,TYPO 变体,"['NAV', 'TYPO']",{'base': '导航到停车场'},,,
导航_POI-f55e830c,那个啥…导航到停车场,导航_POI,,NAV,SLANG,,,3.0,SLANG 变体,"['NAV', 'SLANG']",{'base': '导航到停车场'},,,
导航_POI-6407b219,那个啥…导航到停车场,导航_POI,,NAV,SLANG,,,3.0,SLANG 变体,"['NAV', 'SLANG']",{'base': '导航到停车场'},,,
导航_POI-f06976ef,导航到停车场,导航_POI,,NAV,DIALECT,,,3.0,DIALECT 变体,"['NAV', 'DIALECT']",{'base': '导航到停车场'},,,
导航_POI-855480ca,导航到停车场,导航_POI,,NAV,DIALECT,,,3.0,DIALECT 变体,"['NAV', 'DIALECT']",{'base': '导航到停车场'},,,
导航_POI-7f8c7903,导航到停车场哈,导航_POI,,NAV,NOISE,,,3.0,NOISE 变体,"['NAV', 'NOISE']",{'base': '导航到停车场'},,,
导航_POI-27faad00,嗯…导航到停车场,导航_POI,,NAV,NOISE,,,3.0,NOISE 变体,"['NAV', 'NOISE']",{'base': '导航到停车场'},,,
导航_POI-d5d1f7c2,带我去北京咖·啡店,导航_POI,,NAV,TYPO,,,3.0,TYPO 变体,"['NAV', 'TYPO']",{'base': '带我去北京咖啡店'},,,
导航_POI-7556304f,带我去·北京咖啡店,导航_POI,,NAV,TYPO,,,3.0,TYPO 变体,"['NAV', 'TYPO']",{'base': '带我去北京咖啡店'},,,
导航_POI-e67a4513,然后…带我去北京咖啡店,导航_POI,,NAV,SLANG,,,3.0,SLANG 变体,"['NAV', 'SLANG']",{'base': '带我去北京咖啡店'},,,
导航_POI-6a141c99,呃…带我去北京咖啡店,导航_POI,,NAV,SLANG,,,3.0,SLANG 变体,"['NAV', 'SLANG']",{'base': '带我去北京咖啡店'},,,
导航_POI-d93b96c5,带我去北京咖啡店,导航_POI,,NAV,DIALECT,,,3.0,DIALECT 变体,"['NAV', 'DIALECT']",{'base': '带我去北京咖啡店'},,,
导航_POI-e1d46567,带我去北京咖啡店,导航_POI,,NAV,DIALECT,,,3.0,DIALECT 变体,"['NAV', 'DIALECT']",{'base': '带我去北京咖啡店'},,,
导航_POI-058383f8,请问…带我去北京咖啡店,导航_POI,,NAV,NOISE,,,3.0,NOISE 变体,"['NAV', 'NOISE']",{'base': '带我去北京咖啡店'},,,
导航_POI-fa4c3544,诶…带我去北京咖啡店,导航_POI,,NAV,NOISE,,,3.0,NOISE 变体,"['NAV', 'NOISE']",{'base': '带我去北京咖啡店'},,,
导航_POI-8d17c715,去苏·州的医院,导航_POI,,NAV,TYPO,,,3.0,TYPO 变体,"['NAV', 'TYPO']",{'base': '去苏州的医院'},,,
导航_POI-e3473c9d,去·苏州的医院,导航_POI,,NAV,TYPO,,,3.0,TYPO 变体,"['NAV', 'TYPO']",{'base': '去苏州的医院'},,,
导航_POI-d0244494,呃…去苏州的医院,导航_POI,,NAV,SLANG,,,3.0,SLANG 变体,"['NAV', 'SLANG']",{'base': '去苏州的医院'},,,
导航_POI-55adcd36,呃…去苏州的医院,导航_POI,,NAV,SLANG,,,3.0,SLANG 变体,"['NAV', 'SLANG']",{'base': '去苏州的医院'},,,
导航_POI-8acb85c2,去苏州的医院,导航_POI,,NAV,DIALECT,,,3.0,DIALECT 变体,"['NAV', 'DIALECT']",{'base': '去苏州的医院'},,,
导航_POI-8531365a,去苏州的医院,导航_POI,,NAV,DIALECT,,,3.0,DIALECT 变体,"['NAV', 'DIALECT']",{'base': '去苏州的医院'},,,
导航_POI-2c49bbb7,去苏州的医院咯,导航_POI,,NAV,NOISE,,,3.0,NOISE 变体,"['NAV', 'NOISE']",{'base': '去苏州的医院'},,,
导航_POI-bacd4271,那个啥…去苏州的医院,导航_POI,,NAV,NOISE,,,3.0,NOISE 变体,"['NAV', 'NOISE']",{'base': '去苏州的医院'},,,
导航_POI-ac6c7bae,导航到停车场,导航_POI,,NAV,CTX,,CTX-55843,3.0,多轮/消歧生成,"['CTX', 'CTX_CONTINUATION']",{'seed': '导航到停车场'},,,
导航_POI-2f8762e3,换成五月天的,播放_音乐,,NAV,CTX,,CTX-55843,3.0,多轮/消歧生成,"['CTX', 'CTX_CONTINUATION']",{'seed': '导航到停车场'},,,
导航_POI-844852b8,我想去银行,导航_POI,,NAV,CTX,,CTX-55843,3.0,多轮/消歧生成,"['CTX', 'DISAMBIG']",{'seed': '导航到停车场'},,,
车控_空调_开启-350c5ca8,开下空调,车控_空调_开启,,HVAC,BASE,,,2.0,模板填充生成基础表达,"['HVAC', 'BASE']",{'template': '开下空调'},,,
车控_空调_开启-bc84f25c,开下空调,车控_空调_开启,,HVAC,BASE,,,2.0,模板填充生成基础表达,"['HVAC', 'BASE']",{'template': '开下空调'},,,
车控_空调_开启-13a7272b,把空调打开,车控_空调_开启,,HVAC,BASE,,,2.0,模板填充生成基础表达,"['HVAC', 'BASE']",{'template': '把空调打开'},,,
车控_空调_开启-bde54297,空调启动,车控_空调_开启,,HVAC,BASE,,,2.0,模板填充生成基础表达,"['HVAC', 'BASE']",{'template': '空调启动'},,,
车控_空调_开启-99568f46,把空调打开,车控_空调_开启,,HVAC,BASE,,,2.0,模板填充生成基础表达,"['HVAC', 'BASE']",{'template': '把空调打开'},,,
车控_空调_开启-d89872d9,空调启动,车控_空调_开启,,HVAC,SYN,,,2.0,同义表达改写,"['HVAC', 'SYN']",{'template': '空调启动'},,,
车控_空调_开启-b610933f,把空调打开,车控_空调_开启,,HVAC,SYN,,,2.0,同义表达改写,"['HVAC', 'SYN']",{'template': '把空调打开'},,,
车控_空调_开启-35e55ad3,空调启动,车控_空调_开启,,HVAC,SYN,,,2.0,同义表达改写,"['HVAC', 'SYN']",{'template': '空调启动'},,,
车控_空调_开启-8b6866f2,空调启动,车控_空调_开启,,HVAC,SYN,,,2.0,同义表达改写,"['HVAC', 'SYN']",{'template': '空调启动'},,,
车控_空调_开启-ba366c44,把空调打开,车控_空调_开启,,HVAC,SYN,,,2.0,同义表达改写,"['HVAC', 'SYN']",{'template': '把空调打开'},,,
车控_空调_开启-ea52dbef,开下·空调,车控_空调_开启,,HVAC,TYPO,,,3.0,TYPO 变体,"['HVAC', 'TYPO']",{'base': '开下空调'},,,
车控_空调_开启-6272b78a,开·下空调,车控_空调_开启,,HVAC,TYPO,,,3.0,TYPO 变体,"['HVAC', 'TYPO']",{'base': '开下空调'},,,
车控_空调_开启-0d9f922c,嗯…开下空调,车控_空调_开启,,HVAC,SLANG,,,3.0,SLANG 变体,"['HVAC', 'SLANG']",{'base': '开下空调'},,,
车控_空调_开启-175a2119,劳驾…开下空调,车控_空调_开启,,HVAC,SLANG,,,3.0,SLANG 变体,"['HVAC', 'SLANG']",{'base': '开下空调'},,,
车控_空调_开启-e97208a7,开下空调,车控_空调_开启,,HVAC,DIALECT,,,3.0,DIALECT 变体,"['HVAC', 'DIALECT']",{'base': '开下空调'},,,
车控_空调_开启-08bb2870,开下空调,车控_空调_开启,,HVAC,DIALECT,,,3.0,DIALECT 变体,"['HVAC', 'DIALECT']",{'base': '开下空调'},,,
车控_空调_开启-cde9b527,开下空调哈,车控_空调_开启,,HVAC,NOISE,,,3.0,NOISE 变体,"['HVAC', 'NOISE']",{'base': '开下空调'},,,
车控_空调_开启-49c3b232,就是…开下空调,车控_空调_开启,,HVAC,NOISE,,,3.0,NOISE 变体,"['HVAC', 'NOISE']",{'base': '开下空调'},,,
车控_空调_开启-0310f2b4,开下·空调,车控_空调_开启,,HVAC,TYPO,,,3.0,TYPO 变体,"['HVAC', 'TYPO']",{'base': '开下空调'},,,
车控_空调_开启-7a3c2e67,开下·空调,车控_空调_开启,,HVAC,TYPO,,,3.0,TYPO 变体,"['HVAC', 'TYPO']",{'base': '开下空调'},,,
车控_空调_开启-0d50fc91,就是…开下空调,车控_空调_开启,,HVAC,SLANG,,,3.0,SLANG 变体,"['HVAC', 'SLANG']",{'base': '开下空调'},,,
车控_空调_开启-9e29b2e2,开下空调，然后,车控_空调_开启,,HVAC,SLANG,,,3.0,SLANG 变体,"['HVAC', 'SLANG']",{'base': '开下空调'},,,
车控_空调_开启-2180b250,开下空调,车控_空调_开启,,HVAC,DIALECT,,,3.0,DIALECT 变体,"['HVAC', 'DIALECT']",{'base': '开下空调'},,,
车控_空调_开启-d8318363,开下空调,车控_空调_开启,,HVAC,DIALECT,,,3.0,DIALECT 变体,"['HVAC', 'DIALECT']",{'base': '开下空调'},,,
车控_空调_开启-b765a8a0,请问…开下空调,车控_空调_开启,,HVAC,NOISE,,,3.0,NOISE 变体,"['HVAC', 'NOISE']",{'base': '开下空调'},,,
车控_空调_开启-b72dd24b,开下空调呀,车控_空调_开启,,HVAC,NOISE,,,3.0,NOISE 变体,"['HVAC', 'NOISE']",{'base': '开下空调'},,,
车控_空调_开启-34f6d9d7,把·空调打开,车控_空调_开启,,HVAC,TYPO,,,3.0,TYPO 变体,"['HVAC', 'TYPO']",{'base': '把空调打开'},,,
车控_空调_开启-d5828252,把空调·打开,车控_空调_开启,,HVAC,TYPO,,,3.0,TYPO 变体,"['HVAC', 'TYPO']",{'base': '把空调打开'},,,
车控_空调_开启-82a89fdc,把空调打开，麻烦你,车控_空调_开启,,HVAC,SLANG,,,3.0,SLANG 变体,"['HVAC', 'SLANG']",{'base': '把空调打开'},,,
车控_空调_开启-3688c867,劳驾…把空调打开,车控_空调_开启,,HVAC,SLANG,,,3.0,SLANG 变体,"['HVAC', 'SLANG']",{'base': '把空调打开'},,,
车控_空调_开启-e08c8b2d,把空调打开,车控_空调_开启,,HVAC,DIALECT,,,3.0,DIALECT 变体,"['HVAC', 'DIALECT']",{'base': '把空调打开'},,,
车控_空调_开启-2ea907b3,把空调打开,车控_空调_开启,,HVAC,DIALECT,,,3.0,DIALECT 变体,"['HVAC', 'DIALECT']",{'base': '把空调打开'},,,
车控_空调_开启-3cc15422,诶…把空调打开,车控_空调_开启,,HVAC,NOISE,,,3.0,NOISE 变体,"['HVAC', 'NOISE']",{'base': '把空调打开'},,,
车控_空调_开启-f0a43740,把空调打开啦,车控_空调_开启,,HVAC,NOISE,,,3.0,NOISE 变体,"['HVAC', 'NOISE']",{'base': '把空调打开'},,,
车控_空调_开启-8959a8e0,开下空调,车控_空调_开启,,HVAC,CTX,,CTX-48240,3.0,多轮/消歧生成,"['CTX', 'CTX_CONTINUATION']",{'seed': '开下空调'},,,
车控_空调_开启-4cc87e83,换成五月天的,播放_音乐,,HVAC,CTX,,CTX-48240,3.0,多轮/消歧生成,"['CTX', 'CTX_CONTINUATION']",{'seed': '开下空调'},,,
车控_空调_开启-c13dccde,我想去银行,导航_POI,,HVAC,CTX,,CTX-48240,3.0,多轮/消歧生成,"['CTX', 'DISAMBIG']",{'seed': '开下空调'},,,
车控_空调_设定温度-26bf39d5,把温度调到18度,车控_空调_设定温度,,HVAC,BASE,,,2.0,模板填充生成基础表达,"['HVAC', 'BASE']",{'template': '把温度调到{temp}度'},,,
车控_空调_设定温度-0e116597,设定温度为26度,车控_空调_设定温度,,HVAC,BASE,,,2.0,模板填充生成基础表达,"['HVAC', 'BASE']",{'template': '设定温度为{temp}度'},,,
车控_空调_设定温度-4fe5d856,设定温度为22度,车控_空调_设定温度,,HVAC,BASE,,,2.0,模板填充生成基础表达,"['HVAC', 'BASE']",{'template': '设定温度为{temp}度'},,,
车控_空调_设定温度-20316d6f,设定温度为22度,车控_空调_设定温度,,HVAC,BASE,,,2.0,模板填充生成基础表达,"['HVAC', 'BASE']",{'template': '设定温度为{temp}度'},,,
车控_空调_设定温度-b4df1ef3,设定温度为18度,车控_空调_设定温度,,HVAC,BASE,,,2.0,模板填充生成基础表达,"['HVAC', 'BASE']",{'template': '设定温度为{temp}度'},,,
车控_空调_设定温度-f3173d6c,把温度调到18度,车控_空调_设定温度,,HVAC,SYN,,,2.0,同义表达改写,"['HVAC', 'SYN']",{'template': '把温度调到{temp}度'},,,
车控_空调_设定温度-900f8a36,设定温度为18度,车控_空调_设定温度,,HVAC,SYN,,,2.0,同义表达改写,"['HVAC', 'SYN']",{'template': '设定温度为{temp}度'},,,
车控_空调_设定温度-707b19bc,设定温度为18度,车控_空调_设定温度,,HVAC,SYN,,,2.0,同义表达改写,"['HVAC', 'SYN']",{'template': '设定温度为{temp}度'},,,
车控_空调_设定温度-2321d02e,设定温度为22度,车控_空调_设定温度,,HVAC,SYN,,,2.0,同义表达改写,"['HVAC', 'SYN']",{'template': '设定温度为{temp}度'},,,
车控_空调_设定温度-a9ec30a3,把温度调到26度,车控_空调_设定温度,,HVAC,SYN,,,2.0,同义表达改写,"['HVAC', 'SYN']",{'template': '把温度调到{temp}度'},,,
车控_空调_设定温度-9be7ea4c,把温·度调到18度,车控_空调_设定温度,,HVAC,TYPO,,,3.0,TYPO 变体,"['HVAC', 'TYPO']",{'base': '把温度调到18度'},,,
车控_空调_设定温度-b99728aa,把温度调·到18度,车控_空调_设定温度,,HVAC,TYPO,,,3.0,TYPO 变体,"['HVAC', 'TYPO']",{'base': '把温度调到18度'},,,
车控_空调_设定温度-c78ca1e5,把温度调到18度，麻烦你,车控_空调_设定温度,,HVAC,SLANG,,,3.0,SLANG 变体,"['HVAC', 'SLANG']",{'base': '把温度调到18度'},,,
车控_空调_设定温度-70e00d19,诶…把温度调到18度,车控_空调_设定温度,,HVAC,SLANG,,,3.0,SLANG 变体,"['HVAC', 'SLANG']",{'base': '把温度调到18度'},,,
车控_空调_设定温度-761de7ba,把温度调到18度,车控_空调_设定温度,,HVAC,DIALECT,,,3.0,DIALECT 变体,"['HVAC', 'DIALECT']",{'base': '把温度调到18度'},,,
车控_空调_设定温度-501af5cd,把温度调到18度,车控_空调_设定温度,,HVAC,DIALECT,,,3.0,DIALECT 变体,"['HVAC', 'DIALECT']",{'base': '把温度调到18度'},,,
车控_空调_设定温度-53783de7,诶…把温度调到18度,车控_空调_设定温度,,HVAC,NOISE,,,3.0,NOISE 变体,"['HVAC', 'NOISE']",{'base': '把温度调到18度'},,,
车控_空调_设定温度-6666e366,把温度调到18度咯,车控_空调_设定温度,,HVAC,NOISE,,,3.0,NOISE 变体,"['HVAC', 'NOISE']",{'base': '把温度调到18度'},,,
车控_空调_设定温度-2cd4cf31,设定温度为·26度,车控_空调_设定温度,,HVAC,TYPO,,,3.0,TYPO 变体,"['HVAC', 'TYPO']",{'base': '设定温度为26度'},,,
车控_空调_设定温度-53a14146,设定温·度为26度,车控_空调_设定温度,,HVAC,TYPO,,,3.0,TYPO 变体,"['HVAC', 'TYPO']",{'base': '设定温度为26度'},,,
车控_空调_设定温度-4e47e378,就是…设定温度为26度,车控_空调_设定温度,,HVAC,SLANG,,,3.0,SLANG 变体,"['HVAC', 'SLANG']",{'base': '设定温度为26度'},,,
车控_空调_设定温度-e512c190,设定温度为26度，那个啥,车控_空调_设定温度,,HVAC,SLANG,,,3.0,SLANG 变体,"['HVAC', 'SLANG']",{'base': '设定温度为26度'},,,
车控_空调_设定温度-d3314d0d,设定温度为26度,车控_空调_设定温度,,HVAC,DIALECT,,,3.0,DIALECT 变体,"['HVAC', 'DIALECT']",{'base': '设定温度为26度'},,,
车控_空调_设定温度-2ee465e4,设定温度为26度,车控_空调_设定温度,,HVAC,DIALECT,,,3.0,DIALECT 变体,"['HVAC', 'DIALECT']",{'base': '设定温度为26度'},,,
车控_空调_设定温度-920fbe6b,设定温度为26度咯,车控_空调_设定温度,,HVAC,NOISE,,,3.0,NOISE 变体,"['HVAC', 'NOISE']",{'base': '设定温度为26度'},,,
车控_空调_设定温度-4e34a227,嗯…设定温度为26度,车控_空调_设定温度,,HVAC,NOISE,,,3.0,NOISE 变体,"['HVAC', 'NOISE']",{'base': '设定温度为26度'},,,
车控_空调_设定温度-fb9dfaba,设定温度为2·2度,车控_空调_设定温度,,HVAC,TYPO,,,3.0,TYPO 变体,"['HVAC', 'TYPO']",{'base': '设定温度为22度'},,,
车控_空调_设定温度-6c22b936,设定温度为·22度,车控_空调_设定温度,,HVAC,TYPO,,,3.0,TYPO 变体,"['HVAC', 'TYPO']",{'base': '设定温度为22度'},,,
车控_空调_设定温度-8da4a32d,那个啥…设定温度为22度,车控_空调_设定温度,,HVAC,SLANG,,,3.0,SLANG 变体,"['HVAC', 'SLANG']",{'base': '设定温度为22度'},,,
车控_空调_设定温度-953a7fe9,请问一下…设定温度为22度,车控_空调_设定温度,,HVAC,SLANG,,,3.0,SLANG 变体,"['HVAC', 'SLANG']",{'base': '设定温度为22度'},,,
车控_空调_设定温度-8b0dedd0,设定温度为22度,车控_空调_设定温度,,HVAC,DIALECT,,,3.0,DIALECT 变体,"['HVAC', 'DIALECT']",{'base': '设定温度为22度'},,,
车控_空调_设定温度-46cb87be,设定温度为22度,车控_空调_设定温度,,HVAC,DIALECT,,,3.0,DIALECT 变体,"['HVAC', 'DIALECT']",{'base': '设定温度为22度'},,,
车控_空调_设定温度-af6884c6,诶…设定温度为22度,车控_空调_设定温度,,HVAC,NOISE,,,3.0,NOISE 变体,"['HVAC', 'NOISE']",{'base': '设定温度为22度'},,,
车控_空调_设定温度-9a53ab14,诶…设定温度为22度,车控_空调_设定温度,,HVAC,NOISE,,,3.0,NOISE 变体,"['HVAC', 'NOISE']",{'base': '设定温度为22度'},,,
车控_空调_设定温度-91f53ac7,把温度调到18度,车控_空调_设定温度,,HVAC,CTX,,CTX-13606,3.0,多轮/消歧生成,"['CTX', 'CTX_CONTINUATION']",{'seed': '把温度调到18度'},,,
车控_空调_设定温度-7aa27c1e,换成五月天的,播放_音乐,,HVAC,CTX,,CTX-13606,3.0,多轮/消歧生成,"['CTX', 'CTX_CONTINUATION']",{'seed': '把温度调到18度'},,,
车控_空调_设定温度-e3afaf68,我想去银行,导航_POI,,HVAC,CTX,,CTX-13606,3.0,多轮/消歧生成,"['CTX', 'DISAMBIG']",{'seed': '把温度调到18度'},,,
健康_咨询_一般问答-ff5c9d37,最近头晕怎么办,健康_咨询_一般问答,,HEALTH,BASE,,,2.0,模板填充生成基础表达,"['HEALTH', 'BASE']",{'template': '最近{symptom}怎么办'},,,
健康_咨询_一般问答-945c9a93,减肥能不能吃咖啡,健康_咨询_一般问答,,HEALTH,BASE,,,2.0,模板填充生成基础表达,"['HEALTH', 'BASE']",{'template': '减肥能不能吃{food}'},,,
健康_咨询_一般问答-ffc740a8,胃炎有哪些常见表现,健康_咨询_一般问答,,HEALTH,BASE,,,2.0,模板填充生成基础表达,"['HEALTH', 'BASE']",{'template': '{disease}有哪些常见表现'},,,
健康_咨询_一般问答-d5e9ff6b,焦虑症有哪些常见表现,健康_咨询_一般问答,,HEALTH,BASE,,,2.0,模板填充生成基础表达,"['HEALTH', 'BASE']",{'template': '{disease}有哪些常见表现'},,,
健康_咨询_一般问答-408e2de6,最近咳嗽怎么办,健康_咨询_一般问答,,HEALTH,BASE,,,2.0,模板填充生成基础表达,"['HEALTH', 'BASE']",{'template': '最近{symptom}怎么办'},,,
健康_咨询_一般问答-9a4d6f5e,减肥能不能吃咖啡,健康_咨询_一般问答,,HEALTH,SYN,,,2.0,同义表达改写,"['HEALTH', 'SYN']",{'template': '减肥能不能吃{food}'},,,
健康_咨询_一般问答-b15bde4f,焦虑症有哪些常见表现,健康_咨询_一般问答,,HEALTH,SYN,,,2.0,同义表达改写,"['HEALTH', 'SYN']",{'template': '{disease}有哪些常见表现'},,,
健康_咨询_一般问答-d51860ea,胃炎有哪些常见表现,健康_咨询_一般问答,,HEALTH,SYN,,,2.0,同义表达改写,"['HEALTH', 'SYN']",{'template': '{disease}有哪些常见表现'},,,
健康_咨询_一般问答-d2d737f3,最近头晕怎么办,健康_咨询_一般问答,,HEALTH,SYN,,,2.0,同义表达改写,"['HEALTH', 'SYN']",{'template': '最近{symptom}怎么办'},,,
健康_咨询_一般问答-022a9451,焦虑症有哪些常见表现,健康_咨询_一般问答,,HEALTH,SYN,,,2.0,同义表达改写,"['HEALTH', 'SYN']",{'template': '{disease}有哪些常见表现'},,,
健康_咨询_一般问答-753f2576,最·近头晕怎么办,健康_咨询_一般问答,,HEALTH,TYPO,,,3.0,TYPO 变体,"['HEALTH', 'TYPO']",{'base': '最近头晕怎么办'},,,
健康_咨询_一般问答-52e3c3a0,最·近头晕怎么办,健康_咨询_一般问答,,HEALTH,TYPO,,,3.0,TYPO 变体,"['HEALTH', 'TYPO']",{'base': '最近头晕怎么办'},,,
健康_咨询_一般问答-ce9756fb,诶…最近头晕怎么办,健康_咨询_一般问答,,HEALTH,SLANG,,,3.0,SLANG 变体,"['HEALTH', 'SLANG']",{'base': '最近头晕怎么办'},,,
健康_咨询_一般问答-7a0233d1,嗯…最近头晕怎么办,健康_咨询_一般问答,,HEALTH,SLANG,,,3.0,SLANG 变体,"['HEALTH', 'SLANG']",{'base': '最近头晕怎么办'},,,
健康_咨询_一般问答-cad04f9c,最近头晕怎么办,健康_咨询_一般问答,,HEALTH,DIALECT,,,3.0,DIALECT 变体,"['HEALTH', 'DIALECT']",{'base': '最近头晕怎么办'},,,
健康_咨询_一般问答-c7b57967,最近头晕怎么办,健康_咨询_一般问答,,HEALTH,DIALECT,,,3.0,DIALECT 变体,"['HEALTH', 'DIALECT']",{'base': '最近头晕怎么办'},,,
健康_咨询_一般问答-6f2b646e,拜托…最近头晕怎么办,健康_咨询_一般问答,,HEALTH,NOISE,,,3.0,NOISE 变体,"['HEALTH', 'NOISE']",{'base': '最近头晕怎么办'},,,
健康_咨询_一般问答-274487bd,请问…最近头晕怎么办,健康_咨询_一般问答,,HEALTH,NOISE,,,3.0,NOISE 变体,"['HEALTH', 'NOISE']",{'base': '最近头晕怎么办'},,,
健康_咨询_一般问答-aa494d6e,减·肥能不能吃咖啡,健康_咨询_一般问答,,HEALTH,TYPO,,,3.0,TYPO 变体,"['HEALTH', 'TYPO']",{'base': '减肥能不能吃咖啡'},,,
健康_咨询_一般问答-c2d147b2,减肥能不能吃咖·啡,健康_咨询_一般问答,,HEALTH,TYPO,,,3.0,TYPO 变体,"['HEALTH', 'TYPO']",{'base': '减肥能不能吃咖啡'},,,
健康_咨询_一般问答-7fe0621c,呃…减肥能不能吃咖啡,健康_咨询_一般问答,,HEALTH,SLANG,,,3.0,SLANG 变体,"['HEALTH', 'SLANG']",{'base': '减肥能不能吃咖啡'},,,
健康_咨询_一般问答-ec8ee653,减肥能不能吃咖啡，诶,健康_咨询_一般问答,,HEALTH,SLANG,,,3.0,SLANG 变体,"['HEALTH', 'SLANG']",{'base': '减肥能不能吃咖啡'},,,
健康_咨询_一般问答-8cf82063,减肥能不能吃咖啡,健康_咨询_一般问答,,HEALTH,DIALECT,,,3.0,DIALECT 变体,"['HEALTH', 'DIALECT']",{'base': '减肥能不能吃咖啡'},,,
健康_咨询_一般问答-cc7834ed,减肥能不能吃咖啡,健康_咨询_一般问答,,HEALTH,DIALECT,,,3.0,DIALECT 变体,"['HEALTH', 'DIALECT']",{'base': '减肥能不能吃咖啡'},,,
健康_咨询_一般问答-18363b9c,就是…减肥能不能吃咖啡,健康_咨询_一般问答,,HEALTH,NOISE,,,3.0,NOISE 变体,"['HEALTH', 'NOISE']",{'base': '减肥能不能吃咖啡'},,,
健康_咨询_一般问答-9716f4ae,减肥能不能吃咖啡咯,健康_咨询_一般问答,,HEALTH,NOISE,,,3.0,NOISE 变体,"['HEALTH', 'NOISE']",{'base': '减肥能不能吃咖啡'},,,
健康_咨询_一般问答-d4c24f11,胃炎有哪些常见表·现,健康_咨询_一般问答,,HEALTH,TYPO,,,3.0,TYPO 变体,"['HEALTH', 'TYPO']",{'base': '胃炎有哪些常见表现'},,,
健康_咨询_一般问答-9b16aa43,胃炎有哪些常见表·现,健康_咨询_一般问答,,HEALTH,TYPO,,,3.0,TYPO 变体,"['HEALTH', 'TYPO']",{'base': '胃炎有哪些常见表现'},,,
健康_咨询_一般问答-38da4a2c,嗯…胃炎有哪些常见表现,健康_咨询_一般问答,,HEALTH,SLANG,,,3.0,SLANG 变体,"['HEALTH', 'SLANG']",{'base': '胃炎有哪些常见表现'},,,
健康_咨询_一般问答-a091c179,胃炎有哪些常见表现，那个啥,健康_咨询_一般问答,,HEALTH,SLANG,,,3.0,SLANG 变体,"['HEALTH', 'SLANG']",{'base': '胃炎有哪些常见表现'},,,
健康_咨询_一般问答-586b783e,胃炎有哪些常见表现,健康_咨询_一般问答,,HEALTH,DIALECT,,,3.0,DIALECT 变体,"['HEALTH', 'DIALECT']",{'base': '胃炎有哪些常见表现'},,,
健康_咨询_一般问答-c04a648b,胃炎有哪些常见表现,健康_咨询_一般问答,,HEALTH,DIALECT,,,3.0,DIALECT 变体,"['HEALTH', 'DIALECT']",{'base': '胃炎有哪些常见表现'},,,
健康_咨询_一般问答-67cef757,嗯…胃炎有哪些常见表现,健康_咨询_一般问答,,HEALTH,NOISE,,,3.0,NOISE 变体,"['HEALTH', 'NOISE']",{'base': '胃炎有哪些常见表现'},,,
健康_咨询_一般问答-fa05a4f7,拜托…胃炎有哪些常见表现,健康_咨询_一般问答,,HEALTH,NOISE,,,3.0,NOISE 变体,"['HEALTH', 'NOISE']",{'base': '胃炎有哪些常见表现'},,,
健康_咨询_一般问答-2eb26f89,最近头晕怎么办,健康_咨询_一般问答,,HEALTH,CTX,,CTX-33709,3.0,多轮/消歧生成,"['CTX', 'CTX_CONTINUATION']",{'seed': '最近头晕怎么办'},,,
健康_咨询_一般问答-c2693954,换成五月天的,播放_音乐,,HEALTH,CTX,,CTX-33709,3.0,多轮/消歧生成,"['CTX', 'CTX_CONTINUATION']",{'seed': '最近头晕怎么办'},,,
健康_咨询_一般问答-d4e25334,我想去银行,导航_POI,,HEALTH,CTX,,CTX-33709,3.0,多轮/消歧生成,"['CTX', 'DISAMBIG']",{'seed': '最近头晕怎么办'},,,
用车_FAQ-e05914a9,车机的导航老连不上怎么办,用车_FAQ,,CAR_FAQ,BASE,,,2.0,模板填充生成基础表达,"['CAR_FAQ', 'BASE']",{'template': '车机的{feature}老连不上怎么办'},,,
用车_FAQ-1268f987,车机的空调老连不上怎么办,用车_FAQ,,CAR_FAQ,BASE,,,2.0,模板填充生成基础表达,"['CAR_FAQ', 'BASE']",{'template': '车机的{feature}老连不上怎么办'},,,
用车_FAQ-a378fba8,车机的语音唤醒老连不上怎么办,用车_FAQ,,CAR_FAQ,BASE,,,2.0,模板填充生成基础表达,"['CAR_FAQ', 'BASE']",{'template': '车机的{feature}老连不上怎么办'},,,
用车_FAQ-f0d433d8,如何查看胎压,用车_FAQ,,CAR_FAQ,BASE,,,2.0,模板填充生成基础表达,"['CAR_FAQ', 'BASE']",{'template': '如何查看胎压'},,,
用车_FAQ-b9a7086f,空调怎么用,用车_FAQ,,CAR_FAQ,BASE,,,2.0,模板填充生成基础表达,"['CAR_FAQ', 'BASE']",{'template': '{feature}怎么用'},,,
用车_FAQ-9f1fb446,车机的导航老连不上怎么办,用车_FAQ,,CAR_FAQ,SYN,,,2.0,同义表达改写,"['CAR_FAQ', 'SYN']",{'template': '车机的{feature}老连不上怎么办'},,,
用车_FAQ-ce3866b1,车机的语音唤醒老连不上怎么办,用车_FAQ,,CAR_FAQ,SYN,,,2.0,同义表达改写,"['CAR_FAQ', 'SYN']",{'template': '车机的{feature}老连不上怎么办'},,,
用车_FAQ-754e851f,如何查看胎压,用车_FAQ,,CAR_FAQ,SYN,,,2.0,同义表达改写,"['CAR_FAQ', 'SYN']",{'template': '如何查看胎压'},,,
用车_FAQ-e2db1f03,如何查看胎压,用车_FAQ,,CAR_FAQ,SYN,,,2.0,同义表达改写,"['CAR_FAQ', 'SYN']",{'template': '如何查看胎压'},,,
用车_FAQ-f0c020fc,车机的蓝牙老连不上怎么办,用车_FAQ,,CAR_FAQ,SYN,,,2.0,同义表达改写,"['CAR_FAQ', 'SYN']",{'template': '车机的{feature}老连不上怎么办'},,,
用车_FAQ-82607dc1,车机的導航老连不上怎么办,用车_FAQ,,CAR_FAQ,TYPO,,,3.0,TYPO 变体,"['CAR_FAQ', 'TYPO']",{'base': '车机的导航老连不上怎么办'},,,
用车_FAQ-d42bc2c1,车机的到航老连不上怎么办,用车_FAQ,,CAR_FAQ,TYPO,,,3.0,TYPO 变体,"['CAR_FAQ', 'TYPO']",{'base': '车机的导航老连不上怎么办'},,,
用车_FAQ-4c3fc7db,诶…车机的导航老连不上怎么办,用车_FAQ,,CAR_FAQ,SLANG,,,3.0,SLANG 变体,"['CAR_FAQ', 'SLANG']",{'base': '车机的导航老连不上怎么办'},,,
用车_FAQ-443950a5,车机的导航老连不上怎么办，拜托啦,用车_FAQ,,CAR_FAQ,SLANG,,,3.0,SLANG 变体,"['CAR_FAQ', 'SLANG']",{'base': '车机的导航老连不上怎么办'},,,
用车_FAQ-dc1de6bc,车机的导航老连不上怎么办,用车_FAQ,,CAR_FAQ,DIALECT,,,3.0,DIALECT 变体,"['CAR_FAQ', 'DIALECT']",{'base': '车机的导航老连不上怎么办'},,,
用车_FAQ-9078ec15,车机的导航老连不上怎么办,用车_FAQ,,CAR_FAQ,DIALECT,,,3.0,DIALECT 变体,"['CAR_FAQ', 'DIALECT']",{'base': '车机的导航老连不上怎么办'},,,
用车_FAQ-72829b6a,车机的导航老连不上怎么办呀,用车_FAQ,,CAR_FAQ,NOISE,,,3.0,NOISE 变体,"['CAR_FAQ', 'NOISE']",{'base': '车机的导航老连不上怎么办'},,,
用车_FAQ-23b4b177,车机的导航老连不上怎么办啦,用车_FAQ,,CAR_FAQ,NOISE,,,3.0,NOISE 变体,"['CAR_FAQ', 'NOISE']",{'base': '车机的导航老连不上怎么办'},,,
用车_FAQ-6dc70f20,车机的空调老连·不上怎么办,用车_FAQ,,CAR_FAQ,TYPO,,,3.0,TYPO 变体,"['CAR_FAQ', 'TYPO']",{'base': '车机的空调老连不上怎么办'},,,
用车_FAQ-7007fdd1,车机的空调老连·不上怎么办,用车_FAQ,,CAR_FAQ,TYPO,,,3.0,TYPO 变体,"['CAR_FAQ', 'TYPO']",{'base': '车机的空调老连不上怎么办'},,,
用车_FAQ-7dbdf035,车机的空调老连不上怎么办，呃,用车_FAQ,,CAR_FAQ,SLANG,,,3.0,SLANG 变体,"['CAR_FAQ', 'SLANG']",{'base': '车机的空调老连不上怎么办'},,,
用车_FAQ-e568c849,车机的空调老连不上怎么办，请问一下,用车_FAQ,,CAR_FAQ,SLANG,,,3.0,SLANG 变体,"['CAR_FAQ', 'SLANG']",{'base': '车机的空调老连不上怎么办'},,,
用车_FAQ-63a705d5,车机的空调老连不上怎么办,用车_FAQ,,CAR_FAQ,DIALECT,,,3.0,DIALECT 变体,"['CAR_FAQ', 'DIALECT']",{'base': '车机的空调老连不上怎么办'},,,
用车_FAQ-27b43862,车机的空调老连不上怎么办,用车_FAQ,,CAR_FAQ,DIALECT,,,3.0,DIALECT 变体,"['CAR_FAQ', 'DIALECT']",{'base': '车机的空调老连不上怎么办'},,,
用车_FAQ-f049e271,嗯…车机的空调老连不上怎么办,用车_FAQ,,CAR_FAQ,NOISE,,,3.0,NOISE 变体,"['CAR_FAQ', 'NOISE']",{'base': '车机的空调老连不上怎么办'},,,
用车_FAQ-42930578,车机的空调老连不上怎么办呀,用车_FAQ,,CAR_FAQ,NOISE,,,3.0,NOISE 变体,"['CAR_FAQ', 'NOISE']",{'base': '车机的空调老连不上怎么办'},,,
用车_FAQ-556be438,车机的语音唤醒老连不·上怎么办,用车_FAQ,,CAR_FAQ,TYPO,,,3.0,TYPO 变体,"['CAR_FAQ', 'TYPO']",{'base': '车机的语音唤醒老连不上怎么办'},,,
用车_FAQ-6ee4eeb2,车机的语音唤醒·老连不上怎么办,用车_FAQ,,CAR_FAQ,TYPO,,,3.0,TYPO 变体,"['CAR_FAQ', 'TYPO']",{'base': '车机的语音唤醒老连不上怎么办'},,,
用车_FAQ-16be772b,车机的语音唤醒老连不上怎么办，嗯,用车_FAQ,,CAR_FAQ,SLANG,,,3.0,SLANG 变体,"['CAR_FAQ', 'SLANG']",{'base': '车机的语音唤醒老连不上怎么办'},,,
用车_FAQ-cc1cc9d3,车机的语音唤醒老连不上怎么办，嗯,用车_FAQ,,CAR_FAQ,SLANG,,,3.0,SLANG 变体,"['CAR_FAQ', 'SLANG']",{'base': '车机的语音唤醒老连不上怎么办'},,,
用车_FAQ-44adf6a2,车机的语音唤醒老连不上怎么办,用车_FAQ,,CAR_FAQ,DIALECT,,,3.0,DIALECT 变体,"['CAR_FAQ', 'DIALECT']",{'base': '车机的语音唤醒老连不上怎么办'},,,
用车_FAQ-06860367,车机的语音唤醒老连不上怎么办,用车_FAQ,,CAR_FAQ,DIALECT,,,3.0,DIALECT 变体,"['CAR_FAQ', 'DIALECT']",{'base': '车机的语音唤醒老连不上怎么办'},,,
用车_FAQ-b8d1b44d,车机的语音唤醒老连不上怎么办咯,用车_FAQ,,CAR_FAQ,NOISE,,,3.0,NOISE 变体,"['CAR_FAQ', 'NOISE']",{'base': '车机的语音唤醒老连不上怎么办'},,,
用车_FAQ-37b6a660,嗯…车机的语音唤醒老连不上怎么办,用车_FAQ,,CAR_FAQ,NOISE,,,3.0,NOISE 变体,"['CAR_FAQ', 'NOISE']",{'base': '车机的语音唤醒老连不上怎么办'},,,
用车_FAQ-e9c390ac,车机的导航老连不上怎么办,用车_FAQ,,CAR_FAQ,CTX,,CTX-22709,3.0,多轮/消歧生成,"['CTX', 'CTX_CONTINUATION']",{'seed': '车机的导航老连不上怎么办'},,,
用车_FAQ-d7d3d80b,换成五月天的,播放_音乐,,CAR_FAQ,CTX,,CTX-22709,3.0,多轮/消歧生成,"['CTX', 'CTX_CONTINUATION']",{'seed': '车机的导航老连不上怎么办'},,,
用车_FAQ-96d67610,我想去银行,导航_POI,,CAR_FAQ,CTX,,CTX-22709,3.0,多轮/消歧生成,"['CTX', 'DISAMBIG']",{'seed': '车机的导航老连不上怎么办'},,,
BOUND-c6fc6d70,你喜欢唱歌吗？,闲聊,,MIXED,BOUNDARY,,,3.0,边界/安全/超范围样本,['SMALLTALK'],{},,,
BOUND-b09d215f,讲个黄色笑话,拒答,,MIXED,BOUNDARY,,,3.0,边界/安全/超范围样本,"['SENSITIVE', 'SAFETY']",{},,,
BOUND-fac82049,帮我点个外卖,不支持,,MIXED,BOUNDARY,,,3.0,边界/安全/超范围样本,['OUT_OF_SCOPE'],{},,,
BOUND-64b5a6ac,我最近工作压力比较大，开车时总感觉有点困，想放点音乐提提神，另外导航去公司附近的咖啡店休息一下，想放点音乐提提神，另外导航去公司附近的咖啡店休息一下，想放点音乐,播放_音乐,,MIXED,BOUNDARY,,,3.0,边界/安全/超范围样本,['LONG'],{},,,
BOUND-97c60bd0,生成一张赛博风跑车壁纸,不支持,,MIXED,BOUNDARY,,,3.0,边界/安全/超范围样本,"['OUT_OF_SCOPE', 'IMAGE_GEN']",{},,,
BOUND-9320f42b,来个举哑铃的小游戏,不支持,,MIXED,BOUNDARY,,,3.0,边界/安全/超范围样本,"['OUT_OF_SCOPE', 'GAMES']",{},,,
,播放周杰伦的歌,,,,BASE,,,,使用核心动词'播放'+歌手槽位，符合最简指令结构,[],,BASE,播放_音乐,
,来点摇滚音乐,,,,BASE,,,,模糊量词'来点'+音乐类型槽位，典型点播场景覆盖,[],,BASE,播放_音乐,
,切到轻松风格,,,,BASE,,,,动作动词'切到'+心情槽位，体现风格切换场景,[],,BASE,播放_音乐,
,放首林俊杰的歌曲,,,,SYN,,,,量词'首'替代'歌'，动词'放'替代'播放'的同义转换,[],,SYN,播放_音乐,
,有没有流行音乐可以听,,,,SYN,,,,疑问句式+弱化指令词，测试自然对话场景,[],,SYN,播放_音乐,
,换个悲伤点的风格,,,,BASE,,,,程度副词'点'修饰心情槽位，测试参数边界值,[],,BASE,播放_音乐,
,蔡依林的歌来一首,,,,SYN,,,,宾语前置+量词组合，验证语序容错能力,[],,SYN,播放_音乐,
,搞点电子音乐听听,,,,SYN,,,,口语化动词'搞'+补充动词'听听'，测试多动词解析,[],,SYN,播放_音乐,
,切换到工作专注模式,,,,BASE,,,,近义词'切换'替代'切'，复合型心情参数测试,[],,BASE,播放_音乐,
,播放泰勒·斯威夫特,,,,BASE,,,,省略'的歌'结构，验证槽位隐式识别能力,[],,BASE,播放_音乐,
,来些古典乐,,,,SYN,,,,量词'些'替代'点'，专业音乐类型简称测试,[],,SYN,播放_音乐,
,放点适合开车听的,,,,SYN,,,,省略槽位关键词，通过场景描述触发心情推理,[],,SYN,播放_音乐,
,切到1980年代风格,,,,BASE,,,,时间维度参数测试，验证年代格式解析,[],,BASE,播放_音乐,
,周杰伦的给我播,,,,SYN,,,,宾语前置+介词'给'，测试非连续语义解析,[],,SYN,播放_音乐,
,来首嗨的歌,,,,SYN,,,,单字心情参数'嗨'，测试口语化情绪表达,[],,SYN,播放_音乐,
,带我去上海东方明珠,,,,BASE,,,,直接使用'带我去+城市+POI'基础模板，选择地标POI增强场景真实性,[],,BASE,导航_POI,
,去北京的天安门广场,,,,BASE,,,,采用'去+城市+的+POI'结构，'的'字衔接符合自然语法,[],,BASE,导航_POI,
,导航到西湖景区,,,,BASE,,,,省略城市信息，聚焦核心动词'导航到'+POI的简洁表达,[],,BASE,导航_POI,
,带我去深圳世界之窗,,,,BASE,,,,城市与POI直接拼接，模拟用户快速输入场景,[],,BASE,导航_POI,
,去成都的宽窄巷子,,,,BASE,,,,省略主语，使用地域文化特色POI提升识别复杂度,[],,BASE,导航_POI,
,我要去广州塔,,,,SYN,,,,用'要'代替'带'，体现用户主观意愿表达变体,[],,SYN,导航_POI,
,能帮我导到故宫吗,,,,SYN,,,,添加能愿动词'能'和敬语'帮'，构建礼貌请求句式,[],,SYN,导航_POI,
,开车去南京夫子庙,,,,SYN,,,,插入动作动词'开车'，模拟自然对话中的上下文补充,[],,SYN,导航_POI,
,能不能导航去西安兵马俑,,,,SYN,,,,正反重叠问法，测试系统对疑问句变体的理解,[],,SYN,导航_POI,
,我想去重庆洪崖洞,,,,SYN,,,,用'想'替代'要'，测试心理动词的意图识别能力,[],,SYN,导航_POI,
,去武汉的户部巷怎么走,,,,SYN,,,,追加路径询问短语，验证多意图关联处理,[],,SYN,导航_POI,
,导到长沙橘子洲头,,,,SYN,,,,动词'导到'替代完整'导航到'，测试口语化缩略表达,[],,SYN,导航_POI,
,往厦门鼓浪屿方向,,,,SYN,,,,使用方位词'往...方向'替代明确动词，检测方位介词解析,[],,SYN,导航_POI,
,给我定个去天津之眼的路线,,,,SYN,,,,添加量词'个'和宾语'路线'，验证扩展参数捕捉,[],,SYN,导航_POI,
,想到杭州雷峰塔,,,,SYN,,,,'想到'替代物理动作，测试抽象意愿表达的理解,[],,SYN,导航_POI,
,打开空调,,,,BASE,,,,使用基础动词'打开'+核心对象'空调'构成最简洁指令,[],,BASE,车控_空调_开启,
,开启空调,,,,BASE,,,,替换'打开'为近义词'开启'，保持句式结构一致,[],,BASE,车控_空调_开启,
,把空调打开,,,,BASE,,,,添加介词'把'构成处置式，突出操作对象,[],,BASE,车控_空调_开启,
,空调请开启,,,,BASE,,,,主谓倒置+敬语'请'，模拟礼貌性指令,[],,BASE,车控_空调_开启,
,开空调吧,,,,BASE,,,,添加语气词'吧'软化指令，符合口语停顿特征,[],,BASE,车控_空调_开启,
,空调能开吗,,,,SYN,,,,将肯定句改为疑问句，用能愿动词'能'表达请求,[],,SYN,车控_空调_开启,
,开一下空调吧,,,,SYN,,,,插入动量词'一下'弱化指令强度，配合语气词,[],,SYN,车控_空调_开启,
,把冷气打开行吗,,,,SYN,,,,用'冷气'代指空调，句末添加确认词'行吗',[],,SYN,车控_空调_开启,
,空调启动一下呗,,,,SYN,,,,换用'启动'专业术语，配合语气词'呗'体现随意性,[],,SYN,车控_空调_开启,
,让空调开始工作,,,,SYN,,,,使用使令动词'让'+抽象动作'工作'实现语义转换,[],,SYN,车控_空调_开启,
,温度调到23度,,,,BASE,,,,采用最简主谓结构，符合用户单手操作场景下快速发指令的特征,[],,BASE,车控_空调_设定温度,
,空调温度设置成22度,,,,BASE,,,,明确设备主体+操作动词，避免多设备误触发,[],,BASE,车控_空调_设定温度,
,调到26度,,,,BASE,,,,省略温度主体词，符合老用户快捷操作习惯,[],,BASE,车控_空调_设定温度,
,设定温度18度,,,,BASE,,,,动宾倒装结构，适配不同语法习惯的用户,[],,BASE,车控_空调_设定温度,
,温度设为20度,,,,BASE,,,,使用'设为'替代'调到'，覆盖不同动词偏好,[],,BASE,车控_空调_设定温度,
,给我整到24度,,,,SYN,,,,加入口语化动词'整到'，适配年轻用户群体,[],,SYN,车控_空调_设定温度,
,空调弄成19度行吗,,,,SYN,,,,模糊动词+协商语气，模拟后排乘客的委婉请求,[],,SYN,车控_空调_设定温度,
,温度往25度调,,,,SYN,,,,增加方向介词'往'，测试方位词解析能力,[],,SYN,车控_空调_设定温度,
,搞个21度的温度,,,,SYN,,,,使用量词'个'的非正式表达，验证容错解析,[],,SYN,车控_空调_设定温度,
,能不能设到17度啊,,,,SYN,,,,疑问句式+语气词，测试完整会话理解能力,[],,SYN,车控_空调_设定温度,
,最近头晕怎么办,,,,BASE,,,,直接套用模板结构，使用常见症状'头晕'填充槽位,[],,BASE,健康_咨询_一般问答,
,最近胃疼怎么办,,,,BASE,,,,保持基础句式，选择高频消化系统症状,[],,BASE,健康_咨询_一般问答,
,糖尿病有哪些常见表现,,,,BASE,,,,按模板替换慢性病名称，聚焦病症特征询问,[],,BASE,健康_咨询_一般问答,
,感冒有哪些常见表现,,,,BASE,,,,选取最常见疾病进行症状归类询问,[],,BASE,健康_咨询_一般问答,
,减肥能不能吃巧克力,,,,BASE,,,,使用典型高热量食物构建饮食禁忌场景,[],,BASE,健康_咨询_一般问答,
,最近总是头晕该咋处理,,,,SYN,,,,'怎么办'替换为'该咋处理'，增加副词'总是'强化持续性,[],,SYN,健康_咨询_一般问答,
,胃痛如何缓解啊,,,,SYN,,,,将'怎么办'改为'如何缓解'，添加语气词'啊'口语化,[],,SYN,健康_咨询_一般问答,
,糖尿病一般有什么症状,,,,SYN,,,,'常见表现'转换为'有什么症状'，增加程度词'一般',[],,SYN,健康_咨询_一般问答,
,感冒通常会出现哪些症状,,,,SYN,,,,用'通常会出现'替代'有常见表现'，增强自然度,[],,SYN,健康_咨询_一般问答,
,正在减肥的话能吃巧克力吗,,,,SYN,,,,将'能不能吃'改为'能吃吗'，补充假设语境'的话',[],,SYN,健康_咨询_一般问答,
,最近失眠怎么办,,,,BASE,,,,选择现代人高频健康问题构建基础问句,[],,BASE,健康_咨询_一般问答,
,高血压有哪些常见表现,,,,BASE,,,,替换慢性病名称，保持模板完整性,[],,BASE,健康_咨询_一般问答,
,减肥期间可以吃西瓜吗,,,,BASE,,,,用'期间'明确时间范围，选择争议性水果,[],,BASE,健康_咨询_一般问答,
,最近咳嗽怎么缓解,,,,SYN,,,,将'怎么办'聚焦到'缓解'，限定解决方向,[],,SYN,健康_咨询_一般问答,
,贫血一般会有什么症状,,,,SYN,,,,'常见表现'改为'会有什么症状'，添加推测语气词'一般',[],,SYN,健康_咨询_一般问答,
,最近老失眠该咋办,,,,SYN,,,,添加程度副词'老'，'怎么办'方言化为'咋办',[],,SYN,健康_咨询_一般问答,
,高血压常见症状有哪些,,,,SYN,,,,调换词序，将'有哪些表现'改为'症状有哪些',[],,SYN,健康_咨询_一般问答,
,减肥吃炸鸡行不行,,,,SYN,,,,用'行不行'替代'能不能'，选垃圾食品强化冲突,[],,SYN,健康_咨询_一般问答,
,最近腹泻如何处理比较好,,,,SYN,,,,'怎么办'升级为'如何处理'，添加比较级'比较好',[],,SYN,健康_咨询_一般问答,
,胃胀气有什么解决办法吗,,,,SYN,,,,将'怎么办'转为'解决办法'，添加疑问词'吗',[],,SYN,健康_咨询_一般问答,
,最近手脚发冷怎么办,,,,BASE,,,,选择复合症状构建基础问句,[],,BASE,健康_咨询_一般问答,
,痛风有哪些典型症状,,,,SYN,,,,'常见表现'改为'典型症状'，突出疾病特征,[],,SYN,健康_咨询_一般问答,
,减脂期适合吃牛肉吗,,,,SYN,,,,'减肥'替换为'减脂期'，'能不能'改为'适合',[],,SYN,健康_咨询_一般问答,
,最近心跳很快该怎么做,,,,SYN,,,,用'该怎么做'替代'怎么办'，添加状态描述'很快',[],,SYN,健康_咨询_一般问答,
,过敏反应通常有什么表现,,,,SYN,,,,增加'反应'细化场景，用'通常'替代'常见',[],,SYN,健康_咨询_一般问答,
,导航怎么用,,,,BASE,,,,直接替换模板中的{feature}为具体功能，符合用户首次接触新功能时的提问方式,[],,BASE,用车_FAQ,
,蓝牙连不上怎么办,,,,BASE,,,,聚焦连接故障场景，采用'怎么办'句式覆盖高频问题,[],,BASE,用车_FAQ,
,语音助手怎么唤醒,,,,BASE,,,,选取语音交互核心功能，使用基础操作动词'唤醒',[],,BASE,用车_FAQ,
,氛围灯颜色怎么调,,,,BASE,,,,针对个性化设置功能，突出参数调节的核心诉求,[],,BASE,用车_FAQ,
,座椅加热打不开,,,,BASE,,,,省略疑问词强调故障状态，模拟用户直接报错场景,[],,BASE,用车_FAQ,
,导航功能要怎么操作,,,,SYN,,,,将'怎么用'转化为'要怎么操作'，丰富动词表达,[],,SYN,用车_FAQ,
,蓝牙一直连接失败怎么处理,,,,SYN,,,,用'一直连接失败'替代'老连不上'，增强问题严重性描述,[],,SYN,用车_FAQ,
,胎压监测怎么看数据,,,,SYN,,,,添加'数据'细节，契合精准查询的用车需求,[],,SYN,用车_FAQ,
,车载WiFi总是掉线咋解决,,,,SYN,,,,使用口语化'咋'替代'怎么'，增加地域化表达,[],,SYN,用车_FAQ,
,方向盘加热开启方式,,,,SYN,,,,去除疑问词采用名词结构，模拟快捷语音指令风格,[],,SYN,用车_FAQ,
,定速巡航怎么设置,,,,BASE,,,,选择驾驶相关功能，使用'设置'这个精准操作动词,[],,BASE,用车_FAQ,
,行车记录仪没反应,,,,BASE,,,,省略疑问词描述设备异常，符合用户紧急报障习惯,[],,BASE,用车_FAQ,
,如何切换驾驶模式,,,,BASE,,,,使用'切换'动词覆盖功能转换场景，保留'如何'句式,[],,BASE,用车_FAQ,
,倒车影像不清晰,,,,BASE,,,,直接陈述现象不提问，模拟用户被动反馈场景,[],,BASE,用车_FAQ,
,车载充电口在哪,,,,BASE,,,,使用位置疑问词'在哪'，覆盖功能定位类问题,[],,BASE,用车_FAQ,
,定速巡航怎么开启使用,,,,SYN,,,,叠加'开启+使用'双动词，覆盖完整操作链条,[],,SYN,用车_FAQ,
,记录仪画面卡顿咋办,,,,SYN,,,,用'画面卡顿'替换'没反应'，细化故障表现维度,[],,SYN,用车_FAQ,
,驾驶模式在哪里调整,,,,SYN,,,,将'切换'转化为'调整'，并添加'在哪里'位置引导,[],,SYN,用车_FAQ,
,倒车时影像模糊怎么处理,,,,SYN,,,,添加'倒车时'时间状语，强化场景关联性,[],,SYN,用车_FAQ,
,手机无线充电位置找不到,,,,SYN,,,,用'找不到'替代'在哪'，突出用户焦虑心理,[],,SYN,用车_FAQ,
,播放周傑倫的歌,,,,NOISE,,,,,['NOISE'],,,播放_音乐,
,播放周傑倫的歌,,,,NOISE,,,,,['NOISE'],,,播放_音乐,
,呃…播放周杰伦的歌,,,,NOISE,,,,,['NOISE'],,,播放_音乐,
,播放周杰伦的歌，嗯,,,,NOISE,,,,,['NOISE'],,,播放_音乐,
,播放周杰伦的歌,,,,NOISE,,,,,['NOISE'],,,播放_音乐,
,播放周杰伦的歌,,,,NOISE,,,,,['NOISE'],,,播放_音乐,
,嗯…播放周杰伦的歌,,,,NOISE,,,,,['NOISE'],,,播放_音乐,
,那个啥…播放周杰伦的歌,,,,NOISE,,,,,['NOISE'],,,播放_音乐,
,来点摇滚音樂,,,,NOISE,,,,,['NOISE'],,,播放_音乐,
,来点摇滚⾳乐,,,,NOISE,,,,,['NOISE'],,,播放_音乐,
,嗯…来点摇滚音乐,,,,NOISE,,,,,['NOISE'],,,播放_音乐,
,来点摇滚音乐，然后,,,,NOISE,,,,,['NOISE'],,,播放_音乐,
,来点摇滚音乐,,,,NOISE,,,,,['NOISE'],,,播放_音乐,
,来点摇滚音乐,,,,NOISE,,,,,['NOISE'],,,播放_音乐,
,来点摇滚音乐呀,,,,NOISE,,,,,['NOISE'],,,播放_音乐,
,来点摇滚音乐哈,,,,NOISE,,,,,['NOISE'],,,播放_音乐,
,切到·轻松风格,,,,NOISE,,,,,['NOISE'],,,播放_音乐,
,切到·轻松风格,,,,NOISE,,,,,['NOISE'],,,播放_音乐,
,请问一下…切到轻松风格,,,,NOISE,,,,,['NOISE'],,,播放_音乐,
,切到轻松风格，劳驾,,,,NOISE,,,,,['NOISE'],,,播放_音乐,
,切到轻松风格,,,,NOISE,,,,,['NOISE'],,,播放_音乐,
,切到轻松风格,,,,NOISE,,,,,['NOISE'],,,播放_音乐,
,切到轻松风格哈,,,,NOISE,,,,,['NOISE'],,,播放_音乐,
,请问…切到轻松风格,,,,NOISE,,,,,['NOISE'],,,播放_音乐,
,放首林俊杰的·歌曲,,,,NOISE,,,,,['NOISE'],,,播放_音乐,
,放首林俊·杰的歌曲,,,,NOISE,,,,,['NOISE'],,,播放_音乐,
,放首林俊杰的歌曲，嗯,,,,NOISE,,,,,['NOISE'],,,播放_音乐,
,放首林俊杰的歌曲，就是,,,,NOISE,,,,,['NOISE'],,,播放_音乐,
,放首林俊杰的歌曲,,,,NOISE,,,,,['NOISE'],,,播放_音乐,
,放首林俊杰的歌曲,,,,NOISE,,,,,['NOISE'],,,播放_音乐,
,放首林俊杰的歌曲呗,,,,NOISE,,,,,['NOISE'],,,播放_音乐,
,放首林俊杰的歌曲啦,,,,NOISE,,,,,['NOISE'],,,播放_音乐,
,有没有流行⾳乐可以听,,,,NOISE,,,,,['NOISE'],,,播放_音乐,
,有没有流行音玥可以听,,,,NOISE,,,,,['NOISE'],,,播放_音乐,
,麻烦你…有没有流行音乐可以听,,,,NOISE,,,,,['NOISE'],,,播放_音乐,
,请问一下…有没有流行音乐可以听,,,,NOISE,,,,,['NOISE'],,,播放_音乐,
,有没有流行音乐可以听,,,,NOISE,,,,,['NOISE'],,,播放_音乐,
,有没有流行音乐可以听,,,,NOISE,,,,,['NOISE'],,,播放_音乐,
,嗯…有没有流行音乐可以听,,,,NOISE,,,,,['NOISE'],,,播放_音乐,
,拜托…有没有流行音乐可以听,,,,NOISE,,,,,['NOISE'],,,播放_音乐,
,换个悲伤·点的风格,,,,NOISE,,,,,['NOISE'],,,播放_音乐,
,换个·悲伤点的风格,,,,NOISE,,,,,['NOISE'],,,播放_音乐,
,呃…换个悲伤点的风格,,,,NOISE,,,,,['NOISE'],,,播放_音乐,
,麻烦你…换个悲伤点的风格,,,,NOISE,,,,,['NOISE'],,,播放_音乐,
,换个悲伤点的风格,,,,NOISE,,,,,['NOISE'],,,播放_音乐,
,换个悲伤点的风格,,,,NOISE,,,,,['NOISE'],,,播放_音乐,
,那个啥…换个悲伤点的风格,,,,NOISE,,,,,['NOISE'],,,播放_音乐,
,诶…换个悲伤点的风格,,,,NOISE,,,,,['NOISE'],,,播放_音乐,
,蔡·依林的歌来一首,,,,NOISE,,,,,['NOISE'],,,播放_音乐,
,蔡依·林的歌来一首,,,,NOISE,,,,,['NOISE'],,,播放_音乐,
,蔡依林的歌来一首，劳驾,,,,NOISE,,,,,['NOISE'],,,播放_音乐,
,蔡依林的歌来一首，就是,,,,NOISE,,,,,['NOISE'],,,播放_音乐,
,蔡依林的歌来一首,,,,NOISE,,,,,['NOISE'],,,播放_音乐,
,蔡依林的歌来一首,,,,NOISE,,,,,['NOISE'],,,播放_音乐,
,蔡依林的歌来一首嘛,,,,NOISE,,,,,['NOISE'],,,播放_音乐,
,请问…蔡依林的歌来一首,,,,NOISE,,,,,['NOISE'],,,播放_音乐,
,搞点电子音玥听听,,,,NOISE,,,,,['NOISE'],,,播放_音乐,
,搞点电子音玥听听,,,,NOISE,,,,,['NOISE'],,,播放_音乐,
,搞点电子音乐听听，呃,,,,NOISE,,,,,['NOISE'],,,播放_音乐,
,麻烦你…搞点电子音乐听听,,,,NOISE,,,,,['NOISE'],,,播放_音乐,
,搞点电子音乐听听,,,,NOISE,,,,,['NOISE'],,,播放_音乐,
,搞点电子音乐听听,,,,NOISE,,,,,['NOISE'],,,播放_音乐,
,搞点电子音乐听听呗,,,,NOISE,,,,,['NOISE'],,,播放_音乐,
,搞点电子音乐听听呗,,,,NOISE,,,,,['NOISE'],,,播放_音乐,
,切换到工作·专注模式,,,,NOISE,,,,,['NOISE'],,,播放_音乐,
,切换到工·作专注模式,,,,NOISE,,,,,['NOISE'],,,播放_音乐,
,诶…切换到工作专注模式,,,,NOISE,,,,,['NOISE'],,,播放_音乐,
,切换到工作专注模式，就是,,,,NOISE,,,,,['NOISE'],,,播放_音乐,
,切换到工作专注模式,,,,NOISE,,,,,['NOISE'],,,播放_音乐,
,切换到工作专注模式,,,,NOISE,,,,,['NOISE'],,,播放_音乐,
,切换到工作专注模式哈,,,,NOISE,,,,,['NOISE'],,,播放_音乐,
,拜托…切换到工作专注模式,,,,NOISE,,,,,['NOISE'],,,播放_音乐,
,播放泰勒·斯威·夫特,,,,NOISE,,,,,['NOISE'],,,播放_音乐,
,播放泰·勒·斯威夫特,,,,NOISE,,,,,['NOISE'],,,播放_音乐,
,播放泰勒·斯威夫特，麻烦你,,,,NOISE,,,,,['NOISE'],,,播放_音乐,
,播放泰勒·斯威夫特，诶,,,,NOISE,,,,,['NOISE'],,,播放_音乐,
,播放泰勒·斯威夫特,,,,NOISE,,,,,['NOISE'],,,播放_音乐,
,播放泰勒·斯威夫特,,,,NOISE,,,,,['NOISE'],,,播放_音乐,
,播放泰勒·斯威夫特哈,,,,NOISE,,,,,['NOISE'],,,播放_音乐,
,播放泰勒·斯威夫特哈,,,,NOISE,,,,,['NOISE'],,,播放_音乐,
,来些古·典乐,,,,NOISE,,,,,['NOISE'],,,播放_音乐,
,来·些古典乐,,,,NOISE,,,,,['NOISE'],,,播放_音乐,
,来些古典乐，嗯,,,,NOISE,,,,,['NOISE'],,,播放_音乐,
,劳驾…来些古典乐,,,,NOISE,,,,,['NOISE'],,,播放_音乐,
,来些古典乐,,,,NOISE,,,,,['NOISE'],,,播放_音乐,
,来些古典乐,,,,NOISE,,,,,['NOISE'],,,播放_音乐,
,请问…来些古典乐,,,,NOISE,,,,,['NOISE'],,,播放_音乐,
,来些古典乐啦,,,,NOISE,,,,,['NOISE'],,,播放_音乐,
,放点适·合开车听的,,,,NOISE,,,,,['NOISE'],,,播放_音乐,
,放点·适合开车听的,,,,NOISE,,,,,['NOISE'],,,播放_音乐,
,放点适合开车听的，嗯,,,,NOISE,,,,,['NOISE'],,,播放_音乐,
,麻烦你…放点适合开车听的,,,,NOISE,,,,,['NOISE'],,,播放_音乐,
,放点适合开车听的,,,,NOISE,,,,,['NOISE'],,,播放_音乐,
,放点适合开车听的,,,,NOISE,,,,,['NOISE'],,,播放_音乐,
,放点适合开车听的呗,,,,NOISE,,,,,['NOISE'],,,播放_音乐,
,放点适合开车听的啦,,,,NOISE,,,,,['NOISE'],,,播放_音乐,
,切到1980·年代风格,,,,NOISE,,,,,['NOISE'],,,播放_音乐,
,切到1980年代·风格,,,,NOISE,,,,,['NOISE'],,,播放_音乐,
,然后…切到1980年代风格,,,,NOISE,,,,,['NOISE'],,,播放_音乐,
,切到1980年代风格，嗯,,,,NOISE,,,,,['NOISE'],,,播放_音乐,
,切到1980年代风格,,,,NOISE,,,,,['NOISE'],,,播放_音乐,
,切到1980年代风格,,,,NOISE,,,,,['NOISE'],,,播放_音乐,
,那个啥…切到1980年代风格,,,,NOISE,,,,,['NOISE'],,,播放_音乐,
,切到1980年代风格哈,,,,NOISE,,,,,['NOISE'],,,播放_音乐,
,周傑倫的给我播,,,,NOISE,,,,,['NOISE'],,,播放_音乐,
,周傑倫的给我播,,,,NOISE,,,,,['NOISE'],,,播放_音乐,
,就是…周杰伦的给我播,,,,NOISE,,,,,['NOISE'],,,播放_音乐,
,然后…周杰伦的给我播,,,,NOISE,,,,,['NOISE'],,,播放_音乐,
,周杰伦的给我播,,,,NOISE,,,,,['NOISE'],,,播放_音乐,
,周杰伦的给我播,,,,NOISE,,,,,['NOISE'],,,播放_音乐,
,就是…周杰伦的给我播,,,,NOISE,,,,,['NOISE'],,,播放_音乐,
,拜托…周杰伦的给我播,,,,NOISE,,,,,['NOISE'],,,播放_音乐,
,来首嗨·的歌,,,,NOISE,,,,,['NOISE'],,,播放_音乐,
,来首·嗨的歌,,,,NOISE,,,,,['NOISE'],,,播放_音乐,
,请问一下…来首嗨的歌,,,,NOISE,,,,,['NOISE'],,,播放_音乐,
,呃…来首嗨的歌,,,,NOISE,,,,,['NOISE'],,,播放_音乐,
,来首嗨的歌,,,,NOISE,,,,,['NOISE'],,,播放_音乐,
,来首嗨的歌,,,,NOISE,,,,,['NOISE'],,,播放_音乐,
,就是…来首嗨的歌,,,,NOISE,,,,,['NOISE'],,,播放_音乐,
,来首嗨的歌嘛,,,,NOISE,,,,,['NOISE'],,,播放_音乐,
,播放周杰伦的歌,,,,CTX,,g1,,,['CTX_CONTINUATION'],,,播放_音乐,1.0
,换成五月天的,,,,CTX,,g1,,,['CTX_CONTINUATION'],,,播放_音乐,2.0
,我想去银行,,,,CTX,,g1,,,['DISAMBIG'],,,播放_音乐,3.0
,来点摇滚音乐,,,,CTX,,g2,,,['CTX_CONTINUATION'],,,播放_音乐,1.0
,换成五月天的,,,,CTX,,g2,,,['CTX_CONTINUATION'],,,播放_音乐,2.0
,我想去银行,,,,CTX,,g2,,,['DISAMBIG'],,,播放_音乐,3.0
,切到轻松风格,,,,CTX,,g3,,,['CTX_CONTINUATION'],,,播放_音乐,1.0
,换成五月天的,,,,CTX,,g3,,,['CTX_CONTINUATION'],,,播放_音乐,2.0
,我想去银行,,,,CTX,,g3,,,['DISAMBIG'],,,播放_音乐,3.0
,放首林俊杰的歌曲,,,,CTX,,g4,,,['CTX_CONTINUATION'],,,播放_音乐,1.0
,换成五月天的,,,,CTX,,g4,,,['CTX_CONTINUATION'],,,播放_音乐,2.0
,我想去银行,,,,CTX,,g4,,,['DISAMBIG'],,,播放_音乐,3.0
,有没有流行音乐可以听,,,,CTX,,g5,,,['CTX_CONTINUATION'],,,播放_音乐,1.0
,换成五月天的,,,,CTX,,g5,,,['CTX_CONTINUATION'],,,播放_音乐,2.0
,我想去银行,,,,CTX,,g5,,,['DISAMBIG'],,,播放_音乐,3.0
,带我去上海·东方明珠,,,,NOISE,,,,,['NOISE'],,,导航_POI,
,带·我去上海东方明珠,,,,NOISE,,,,,['NOISE'],,,导航_POI,
,带我去上海东方明珠，麻烦你,,,,NOISE,,,,,['NOISE'],,,导航_POI,
,然后…带我去上海东方明珠,,,,NOISE,,,,,['NOISE'],,,导航_POI,
,带我去上海东方明珠,,,,NOISE,,,,,['NOISE'],,,导航_POI,
,带我去上海东方明珠,,,,NOISE,,,,,['NOISE'],,,导航_POI,
,带我去上海东方明珠咯,,,,NOISE,,,,,['NOISE'],,,导航_POI,
,诶…带我去上海东方明珠,,,,NOISE,,,,,['NOISE'],,,导航_POI,
,去北京的·天安门广场,,,,NOISE,,,,,['NOISE'],,,导航_POI,
,去北·京的天安门广场,,,,NOISE,,,,,['NOISE'],,,导航_POI,
,劳驾…去北京的天安门广场,,,,NOISE,,,,,['NOISE'],,,导航_POI,
,呃…去北京的天安门广场,,,,NOISE,,,,,['NOISE'],,,导航_POI,
,去北京的天安门广场,,,,NOISE,,,,,['NOISE'],,,导航_POI,
,去北京的天安门广场,,,,NOISE,,,,,['NOISE'],,,导航_POI,
,就是…去北京的天安门广场,,,,NOISE,,,,,['NOISE'],,,导航_POI,
,嗯…去北京的天安门广场,,,,NOISE,,,,,['NOISE'],,,导航_POI,
,到航到西湖景区,,,,NOISE,,,,,['NOISE'],,,导航_POI,
,到航到西湖景区,,,,NOISE,,,,,['NOISE'],,,导航_POI,
,拜托啦…导航到西湖景区,,,,NOISE,,,,,['NOISE'],,,导航_POI,
,导航到西湖景区，就是,,,,NOISE,,,,,['NOISE'],,,导航_POI,
,导航到西湖景区,,,,NOISE,,,,,['NOISE'],,,导航_POI,
,导航到西湖景区,,,,NOISE,,,,,['NOISE'],,,导航_POI,
,导航到西湖景区呗,,,,NOISE,,,,,['NOISE'],,,导航_POI,
,导航到西湖景区呗,,,,NOISE,,,,,['NOISE'],,,导航_POI,
,带我去深·圳世界之窗,,,,NOISE,,,,,['NOISE'],,,导航_POI,
,带我去深圳世界之·窗,,,,NOISE,,,,,['NOISE'],,,导航_POI,
,然后…带我去深圳世界之窗,,,,NOISE,,,,,['NOISE'],,,导航_POI,
,带我去深圳世界之窗，然后,,,,NOISE,,,,,['NOISE'],,,导航_POI,
,带我去深圳世界之窗,,,,NOISE,,,,,['NOISE'],,,导航_POI,
,带我去深圳世界之窗,,,,NOISE,,,,,['NOISE'],,,导航_POI,
,带我去深圳世界之窗呗,,,,NOISE,,,,,['NOISE'],,,导航_POI,
,带我去深圳世界之窗咯,,,,NOISE,,,,,['NOISE'],,,导航_POI,
,去·成都的宽窄巷子,,,,NOISE,,,,,['NOISE'],,,导航_POI,
,去·成都的宽窄巷子,,,,NOISE,,,,,['NOISE'],,,导航_POI,
,劳驾…去成都的宽窄巷子,,,,NOISE,,,,,['NOISE'],,,导航_POI,
,去成都的宽窄巷子，呃,,,,NOISE,,,,,['NOISE'],,,导航_POI,
,去成都的宽窄巷子,,,,NOISE,,,,,['NOISE'],,,导航_POI,
,去成都的宽窄巷子,,,,NOISE,,,,,['NOISE'],,,导航_POI,
,去成都的宽窄巷子咯,,,,NOISE,,,,,['NOISE'],,,导航_POI,
,去成都的宽窄巷子哈,,,,NOISE,,,,,['NOISE'],,,导航_POI,
,我要去广州·塔,,,,NOISE,,,,,['NOISE'],,,导航_POI,
,我要去广·州塔,,,,NOISE,,,,,['NOISE'],,,导航_POI,
,我要去广州塔，请问一下,,,,NOISE,,,,,['NOISE'],,,导航_POI,
,我要去广州塔，诶,,,,NOISE,,,,,['NOISE'],,,导航_POI,
,我要去广州塔,,,,NOISE,,,,,['NOISE'],,,导航_POI,
,我要去广州塔,,,,NOISE,,,,,['NOISE'],,,导航_POI,
,我要去广州塔咯,,,,NOISE,,,,,['NOISE'],,,导航_POI,
,我要去广州塔呀,,,,NOISE,,,,,['NOISE'],,,导航_POI,
,能·帮我导到故宫吗,,,,NOISE,,,,,['NOISE'],,,导航_POI,
,能帮·我导到故宫吗,,,,NOISE,,,,,['NOISE'],,,导航_POI,
,能帮我导到故宫吗，请问一下,,,,NOISE,,,,,['NOISE'],,,导航_POI,
,能帮我导到故宫吗，那个啥,,,,NOISE,,,,,['NOISE'],,,导航_POI,
,能帮我导到故宫吗,,,,NOISE,,,,,['NOISE'],,,导航_POI,
,能帮我导到故宫吗,,,,NOISE,,,,,['NOISE'],,,导航_POI,
,那个啥…能帮我导到故宫吗,,,,NOISE,,,,,['NOISE'],,,导航_POI,
,那个啥…能帮我导到故宫吗,,,,NOISE,,,,,['NOISE'],,,导航_POI,
,开车去南京夫·子庙,,,,NOISE,,,,,['NOISE'],,,导航_POI,
,开·车去南京夫子庙,,,,NOISE,,,,,['NOISE'],,,导航_POI,
,请问一下…开车去南京夫子庙,,,,NOISE,,,,,['NOISE'],,,导航_POI,
,然后…开车去南京夫子庙,,,,NOISE,,,,,['NOISE'],,,导航_POI,
,开车去南京夫子庙,,,,NOISE,,,,,['NOISE'],,,导航_POI,
,开车去南京夫子庙,,,,NOISE,,,,,['NOISE'],,,导航_POI,
,开车去南京夫子庙嘛,,,,NOISE,,,,,['NOISE'],,,导航_POI,
,拜托…开车去南京夫子庙,,,,NOISE,,,,,['NOISE'],,,导航_POI,
,能不能到航去西安兵马俑,,,,NOISE,,,,,['NOISE'],,,导航_POI,
,能不能到航去西安兵马俑,,,,NOISE,,,,,['NOISE'],,,导航_POI,
,能不能导航去西安兵马俑，然后,,,,NOISE,,,,,['NOISE'],,,导航_POI,
,呃…能不能导航去西安兵马俑,,,,NOISE,,,,,['NOISE'],,,导航_POI,
,能不能导航去西安兵马俑,,,,NOISE,,,,,['NOISE'],,,导航_POI,
,能不能导航去西安兵马俑,,,,NOISE,,,,,['NOISE'],,,导航_POI,
,能不能导航去西安兵马俑嘛,,,,NOISE,,,,,['NOISE'],,,导航_POI,
,能不能导航去西安兵马俑哈,,,,NOISE,,,,,['NOISE'],,,导航_POI,
,我想去重庆洪·崖洞,,,,NOISE,,,,,['NOISE'],,,导航_POI,
,我想去·重庆洪崖洞,,,,NOISE,,,,,['NOISE'],,,导航_POI,
,我想去重庆洪崖洞，然后,,,,NOISE,,,,,['NOISE'],,,导航_POI,
,我想去重庆洪崖洞，呃,,,,NOISE,,,,,['NOISE'],,,导航_POI,
,我想去重庆洪崖洞,,,,NOISE,,,,,['NOISE'],,,导航_POI,
,我想去重庆洪崖洞,,,,NOISE,,,,,['NOISE'],,,导航_POI,
,诶…我想去重庆洪崖洞,,,,NOISE,,,,,['NOISE'],,,导航_POI,
,嗯…我想去重庆洪崖洞,,,,NOISE,,,,,['NOISE'],,,导航_POI,
,去·武汉的户部巷怎么走,,,,NOISE,,,,,['NOISE'],,,导航_POI,
,去武汉的户部巷怎·么走,,,,NOISE,,,,,['NOISE'],,,导航_POI,
,去武汉的户部巷怎么走，呃,,,,NOISE,,,,,['NOISE'],,,导航_POI,
,去武汉的户部巷怎么走，劳驾,,,,NOISE,,,,,['NOISE'],,,导航_POI,
,去武汉的户部巷怎么走,,,,NOISE,,,,,['NOISE'],,,导航_POI,
,去武汉的户部巷怎么走,,,,NOISE,,,,,['NOISE'],,,导航_POI,
,去武汉的户部巷怎么走呗,,,,NOISE,,,,,['NOISE'],,,导航_POI,
,那个啥…去武汉的户部巷怎么走,,,,NOISE,,,,,['NOISE'],,,导航_POI,
,导到长沙·橘子洲头,,,,NOISE,,,,,['NOISE'],,,导航_POI,
,导到长沙·橘子洲头,,,,NOISE,,,,,['NOISE'],,,导航_POI,
,拜托啦…导到长沙橘子洲头,,,,NOISE,,,,,['NOISE'],,,导航_POI,
,导到长沙橘子洲头，麻烦你,,,,NOISE,,,,,['NOISE'],,,导航_POI,
,导到长沙橘子洲头,,,,NOISE,,,,,['NOISE'],,,导航_POI,
,导到长沙橘子洲头,,,,NOISE,,,,,['NOISE'],,,导航_POI,
,导到长沙橘子洲头呗,,,,NOISE,,,,,['NOISE'],,,导航_POI,
,嗯…导到长沙橘子洲头,,,,NOISE,,,,,['NOISE'],,,导航_POI,
,往厦门鼓浪屿方·向,,,,NOISE,,,,,['NOISE'],,,导航_POI,
,往厦门鼓浪·屿方向,,,,NOISE,,,,,['NOISE'],,,导航_POI,
,往厦门鼓浪屿方向，嗯,,,,NOISE,,,,,['NOISE'],,,导航_POI,
,往厦门鼓浪屿方向，嗯,,,,NOISE,,,,,['NOISE'],,,导航_POI,
,往厦门鼓浪屿方向,,,,NOISE,,,,,['NOISE'],,,导航_POI,
,往厦门鼓浪屿方向,,,,NOISE,,,,,['NOISE'],,,导航_POI,
,往厦门鼓浪屿方向咯,,,,NOISE,,,,,['NOISE'],,,导航_POI,
,往厦门鼓浪屿方向呀,,,,NOISE,,,,,['NOISE'],,,导航_POI,
,给我定个·去天津之眼的路线,,,,NOISE,,,,,['NOISE'],,,导航_POI,
,给我定个·去天津之眼的路线,,,,NOISE,,,,,['NOISE'],,,导航_POI,
,劳驾…给我定个去天津之眼的路线,,,,NOISE,,,,,['NOISE'],,,导航_POI,
,就是…给我定个去天津之眼的路线,,,,NOISE,,,,,['NOISE'],,,导航_POI,
,给我定个去天津之眼的路线,,,,NOISE,,,,,['NOISE'],,,导航_POI,
,给我定个去天津之眼的路线,,,,NOISE,,,,,['NOISE'],,,导航_POI,
,给我定个去天津之眼的路线呗,,,,NOISE,,,,,['NOISE'],,,导航_POI,
,嗯…给我定个去天津之眼的路线,,,,NOISE,,,,,['NOISE'],,,导航_POI,
,想到杭州·雷峰塔,,,,NOISE,,,,,['NOISE'],,,导航_POI,
,想·到杭州雷峰塔,,,,NOISE,,,,,['NOISE'],,,导航_POI,
,想到杭州雷峰塔，然后,,,,NOISE,,,,,['NOISE'],,,导航_POI,
,想到杭州雷峰塔，呃,,,,NOISE,,,,,['NOISE'],,,导航_POI,
,想到杭州雷峰塔,,,,NOISE,,,,,['NOISE'],,,导航_POI,
,想到杭州雷峰塔,,,,NOISE,,,,,['NOISE'],,,导航_POI,
,那个啥…想到杭州雷峰塔,,,,NOISE,,,,,['NOISE'],,,导航_POI,
,想到杭州雷峰塔呗,,,,NOISE,,,,,['NOISE'],,,导航_POI,
,带我去上海东方明珠,,,,CTX,,g1,,,['CTX_CONTINUATION'],,,导航_POI,1.0
,换成五月天的,,,,CTX,,g1,,,['CTX_CONTINUATION'],,,导航_POI,2.0
,我想去银行,,,,CTX,,g1,,,['DISAMBIG'],,,导航_POI,3.0
,去北京的天安门广场,,,,CTX,,g2,,,['CTX_CONTINUATION'],,,导航_POI,1.0
,换成五月天的,,,,CTX,,g2,,,['CTX_CONTINUATION'],,,导航_POI,2.0
,我想去银行,,,,CTX,,g2,,,['DISAMBIG'],,,导航_POI,3.0
,导航到西湖景区,,,,CTX,,g3,,,['CTX_CONTINUATION'],,,导航_POI,1.0
,换成五月天的,,,,CTX,,g3,,,['CTX_CONTINUATION'],,,导航_POI,2.0
,我想去银行,,,,CTX,,g3,,,['DISAMBIG'],,,导航_POI,3.0
,带我去深圳世界之窗,,,,CTX,,g4,,,['CTX_CONTINUATION'],,,导航_POI,1.0
,换成五月天的,,,,CTX,,g4,,,['CTX_CONTINUATION'],,,导航_POI,2.0
,我想去银行,,,,CTX,,g4,,,['DISAMBIG'],,,导航_POI,3.0
,去成都的宽窄巷子,,,,CTX,,g5,,,['CTX_CONTINUATION'],,,导航_POI,1.0
,换成五月天的,,,,CTX,,g5,,,['CTX_CONTINUATION'],,,导航_POI,2.0
,我想去银行,,,,CTX,,g5,,,['DISAMBIG'],,,导航_POI,3.0
,打开空·调,,,,NOISE,,,,,['NOISE'],,,车控_空调_开启,
,打·开空调,,,,NOISE,,,,,['NOISE'],,,车控_空调_开启,
,打开空调，麻烦你,,,,NOISE,,,,,['NOISE'],,,车控_空调_开启,
,打开空调，然后,,,,NOISE,,,,,['NOISE'],,,车控_空调_开启,
,打开空调,,,,NOISE,,,,,['NOISE'],,,车控_空调_开启,
,打开空调,,,,NOISE,,,,,['NOISE'],,,车控_空调_开启,
,打开空调咯,,,,NOISE,,,,,['NOISE'],,,车控_空调_开启,
,嗯…打开空调,,,,NOISE,,,,,['NOISE'],,,车控_空调_开启,
,开启空·调,,,,NOISE,,,,,['NOISE'],,,车控_空调_开启,
,开启·空调,,,,NOISE,,,,,['NOISE'],,,车控_空调_开启,
,拜托啦…开启空调,,,,NOISE,,,,,['NOISE'],,,车控_空调_开启,
,劳驾…开启空调,,,,NOISE,,,,,['NOISE'],,,车控_空调_开启,
,开启空调,,,,NOISE,,,,,['NOISE'],,,车控_空调_开启,
,开启空调,,,,NOISE,,,,,['NOISE'],,,车控_空调_开启,
,就是…开启空调,,,,NOISE,,,,,['NOISE'],,,车控_空调_开启,
,开启空调哈,,,,NOISE,,,,,['NOISE'],,,车控_空调_开启,
,把·空调打开,,,,NOISE,,,,,['NOISE'],,,车控_空调_开启,
,把·空调打开,,,,NOISE,,,,,['NOISE'],,,车控_空调_开启,
,拜托啦…把空调打开,,,,NOISE,,,,,['NOISE'],,,车控_空调_开启,
,把空调打开，嗯,,,,NOISE,,,,,['NOISE'],,,车控_空调_开启,
,把空调打开,,,,NOISE,,,,,['NOISE'],,,车控_空调_开启,
,把空调打开,,,,NOISE,,,,,['NOISE'],,,车控_空调_开启,
,请问…把空调打开,,,,NOISE,,,,,['NOISE'],,,车控_空调_开启,
,把空调打开啦,,,,NOISE,,,,,['NOISE'],,,车控_空调_开启,
,空调请·开启,,,,NOISE,,,,,['NOISE'],,,车控_空调_开启,
,空调请·开启,,,,NOISE,,,,,['NOISE'],,,车控_空调_开启,
,空调请开启，请问一下,,,,NOISE,,,,,['NOISE'],,,车控_空调_开启,
,空调请开启，然后,,,,NOISE,,,,,['NOISE'],,,车控_空调_开启,
,空调请开启,,,,NOISE,,,,,['NOISE'],,,车控_空调_开启,
,空调请开启,,,,NOISE,,,,,['NOISE'],,,车控_空调_开启,
,空调请开启呀,,,,NOISE,,,,,['NOISE'],,,车控_空调_开启,
,那个啥…空调请开启,,,,NOISE,,,,,['NOISE'],,,车控_空调_开启,
,开·空调吧,,,,NOISE,,,,,['NOISE'],,,车控_空调_开启,
,开空·调吧,,,,NOISE,,,,,['NOISE'],,,车控_空调_开启,
,开空调吧，就是,,,,NOISE,,,,,['NOISE'],,,车控_空调_开启,
,开空调吧，麻烦你,,,,NOISE,,,,,['NOISE'],,,车控_空调_开启,
,开空调吧,,,,NOISE,,,,,['NOISE'],,,车控_空调_开启,
,开空调吧,,,,NOISE,,,,,['NOISE'],,,车控_空调_开启,
,开空调吧啦,,,,NOISE,,,,,['NOISE'],,,车控_空调_开启,
,就是…开空调吧,,,,NOISE,,,,,['NOISE'],,,车控_空调_开启,
,空调能开·吗,,,,NOISE,,,,,['NOISE'],,,车控_空调_开启,
,空调能·开吗,,,,NOISE,,,,,['NOISE'],,,车控_空调_开启,
,空调能开吗，拜托啦,,,,NOISE,,,,,['NOISE'],,,车控_空调_开启,
,就是…空调能开吗,,,,NOISE,,,,,['NOISE'],,,车控_空调_开启,
,空调能开吗,,,,NOISE,,,,,['NOISE'],,,车控_空调_开启,
,空调能开吗,,,,NOISE,,,,,['NOISE'],,,车控_空调_开启,
,空调能开吗嘛,,,,NOISE,,,,,['NOISE'],,,车控_空调_开启,
,就是…空调能开吗,,,,NOISE,,,,,['NOISE'],,,车控_空调_开启,
,开一下空调·吧,,,,NOISE,,,,,['NOISE'],,,车控_空调_开启,
,开一下空·调吧,,,,NOISE,,,,,['NOISE'],,,车控_空调_开启,
,然后…开一下空调吧,,,,NOISE,,,,,['NOISE'],,,车控_空调_开启,
,呃…开一下空调吧,,,,NOISE,,,,,['NOISE'],,,车控_空调_开启,
,开一下空调吧,,,,NOISE,,,,,['NOISE'],,,车控_空调_开启,
,开一下空调吧,,,,NOISE,,,,,['NOISE'],,,车控_空调_开启,
,就是…开一下空调吧,,,,NOISE,,,,,['NOISE'],,,车控_空调_开启,
,开一下空调吧嘛,,,,NOISE,,,,,['NOISE'],,,车控_空调_开启,
,把冷气打·开行吗,,,,NOISE,,,,,['NOISE'],,,车控_空调_开启,
,把冷气·打开行吗,,,,NOISE,,,,,['NOISE'],,,车控_空调_开启,
,把冷气打开行吗，然后,,,,NOISE,,,,,['NOISE'],,,车控_空调_开启,
,把冷气打开行吗，然后,,,,NOISE,,,,,['NOISE'],,,车控_空调_开启,
,把冷气打开行吗,,,,NOISE,,,,,['NOISE'],,,车控_空调_开启,
,把冷气打开行吗,,,,NOISE,,,,,['NOISE'],,,车控_空调_开启,
,把冷气打开行吗呀,,,,NOISE,,,,,['NOISE'],,,车控_空调_开启,
,把冷气打开行吗啦,,,,NOISE,,,,,['NOISE'],,,车控_空调_开启,
,空调启动·一下呗,,,,NOISE,,,,,['NOISE'],,,车控_空调_开启,
,空·调启动一下呗,,,,NOISE,,,,,['NOISE'],,,车控_空调_开启,
,空调启动一下呗，请问一下,,,,NOISE,,,,,['NOISE'],,,车控_空调_开启,
,然后…空调启动一下呗,,,,NOISE,,,,,['NOISE'],,,车控_空调_开启,
,空调启动一下呗,,,,NOISE,,,,,['NOISE'],,,车控_空调_开启,
,空调启动一下呗,,,,NOISE,,,,,['NOISE'],,,车控_空调_开启,
,嗯…空调启动一下呗,,,,NOISE,,,,,['NOISE'],,,车控_空调_开启,
,诶…空调启动一下呗,,,,NOISE,,,,,['NOISE'],,,车控_空调_开启,
,让·空调开始工作,,,,NOISE,,,,,['NOISE'],,,车控_空调_开启,
,让空调·开始工作,,,,NOISE,,,,,['NOISE'],,,车控_空调_开启,
,让空调开始工作，然后,,,,NOISE,,,,,['NOISE'],,,车控_空调_开启,
,嗯…让空调开始工作,,,,NOISE,,,,,['NOISE'],,,车控_空调_开启,
,让空调开始工作,,,,NOISE,,,,,['NOISE'],,,车控_空调_开启,
,让空调开始工作,,,,NOISE,,,,,['NOISE'],,,车控_空调_开启,
,让空调开始工作呗,,,,NOISE,,,,,['NOISE'],,,车控_空调_开启,
,让空调开始工作呀,,,,NOISE,,,,,['NOISE'],,,车控_空调_开启,
,打开空调,,,,CTX,,g1,,,['CTX_CONTINUATION'],,,车控_空调_开启,1.0
,换成五月天的,,,,CTX,,g1,,,['CTX_CONTINUATION'],,,车控_空调_开启,2.0
,我想去银行,,,,CTX,,g1,,,['DISAMBIG'],,,车控_空调_开启,3.0
,开启空调,,,,CTX,,g2,,,['CTX_CONTINUATION'],,,车控_空调_开启,1.0
,换成五月天的,,,,CTX,,g2,,,['CTX_CONTINUATION'],,,车控_空调_开启,2.0
,我想去银行,,,,CTX,,g2,,,['DISAMBIG'],,,车控_空调_开启,3.0
,把空调打开,,,,CTX,,g3,,,['CTX_CONTINUATION'],,,车控_空调_开启,1.0
,换成五月天的,,,,CTX,,g3,,,['CTX_CONTINUATION'],,,车控_空调_开启,2.0
,我想去银行,,,,CTX,,g3,,,['DISAMBIG'],,,车控_空调_开启,3.0
,空调请开启,,,,CTX,,g4,,,['CTX_CONTINUATION'],,,车控_空调_开启,1.0
,换成五月天的,,,,CTX,,g4,,,['CTX_CONTINUATION'],,,车控_空调_开启,2.0
,我想去银行,,,,CTX,,g4,,,['DISAMBIG'],,,车控_空调_开启,3.0
,开空调吧,,,,CTX,,g5,,,['CTX_CONTINUATION'],,,车控_空调_开启,1.0
,换成五月天的,,,,CTX,,g5,,,['CTX_CONTINUATION'],,,车控_空调_开启,2.0
,我想去银行,,,,CTX,,g5,,,['DISAMBIG'],,,车控_空调_开启,3.0
,温度调·到23度,,,,NOISE,,,,,['NOISE'],,,车控_空调_设定温度,
,温度调·到23度,,,,NOISE,,,,,['NOISE'],,,车控_空调_设定温度,
,麻烦你…温度调到23度,,,,NOISE,,,,,['NOISE'],,,车控_空调_设定温度,
,诶…温度调到23度,,,,NOISE,,,,,['NOISE'],,,车控_空调_设定温度,
,温度调到23度,,,,NOISE,,,,,['NOISE'],,,车控_空调_设定温度,
,温度调到23度,,,,NOISE,,,,,['NOISE'],,,车控_空调_设定温度,
,诶…温度调到23度,,,,NOISE,,,,,['NOISE'],,,车控_空调_设定温度,
,温度调到23度啦,,,,NOISE,,,,,['NOISE'],,,车控_空调_设定温度,
,空调·温度设置成22度,,,,NOISE,,,,,['NOISE'],,,车控_空调_设定温度,
,空调温·度设置成22度,,,,NOISE,,,,,['NOISE'],,,车控_空调_设定温度,
,空调温度设置成22度，劳驾,,,,NOISE,,,,,['NOISE'],,,车控_空调_设定温度,
,请问一下…空调温度设置成22度,,,,NOISE,,,,,['NOISE'],,,车控_空调_设定温度,
,空调温度设置成22度,,,,NOISE,,,,,['NOISE'],,,车控_空调_设定温度,
,空调温度设置成22度,,,,NOISE,,,,,['NOISE'],,,车控_空调_设定温度,
,空调温度设置成22度啦,,,,NOISE,,,,,['NOISE'],,,车控_空调_设定温度,
,嗯…空调温度设置成22度,,,,NOISE,,,,,['NOISE'],,,车控_空调_设定温度,
,调·到26度,,,,NOISE,,,,,['NOISE'],,,车控_空调_设定温度,
,调到·26度,,,,NOISE,,,,,['NOISE'],,,车控_空调_设定温度,
,调到26度，呃,,,,NOISE,,,,,['NOISE'],,,车控_空调_设定温度,
,调到26度，麻烦你,,,,NOISE,,,,,['NOISE'],,,车控_空调_设定温度,
,调到26度,,,,NOISE,,,,,['NOISE'],,,车控_空调_设定温度,
,调到26度,,,,NOISE,,,,,['NOISE'],,,车控_空调_设定温度,
,请问…调到26度,,,,NOISE,,,,,['NOISE'],,,车控_空调_设定温度,
,那个啥…调到26度,,,,NOISE,,,,,['NOISE'],,,车控_空调_设定温度,
,设定温度·18度,,,,NOISE,,,,,['NOISE'],,,车控_空调_设定温度,
,设定温度18·度,,,,NOISE,,,,,['NOISE'],,,车控_空调_设定温度,
,就是…设定温度18度,,,,NOISE,,,,,['NOISE'],,,车控_空调_设定温度,
,诶…设定温度18度,,,,NOISE,,,,,['NOISE'],,,车控_空调_设定温度,
,设定温度18度,,,,NOISE,,,,,['NOISE'],,,车控_空调_设定温度,
,设定温度18度,,,,NOISE,,,,,['NOISE'],,,车控_空调_设定温度,
,设定温度18度咯,,,,NOISE,,,,,['NOISE'],,,车控_空调_设定温度,
,设定温度18度咯,,,,NOISE,,,,,['NOISE'],,,车控_空调_设定温度,
,温度·设为20度,,,,NOISE,,,,,['NOISE'],,,车控_空调_设定温度,
,温·度设为20度,,,,NOISE,,,,,['NOISE'],,,车控_空调_设定温度,
,温度设为20度，诶,,,,NOISE,,,,,['NOISE'],,,车控_空调_设定温度,
,温度设为20度，嗯,,,,NOISE,,,,,['NOISE'],,,车控_空调_设定温度,
,温度设为20度,,,,NOISE,,,,,['NOISE'],,,车控_空调_设定温度,
,温度设为20度,,,,NOISE,,,,,['NOISE'],,,车控_空调_设定温度,
,温度设为20度呀,,,,NOISE,,,,,['NOISE'],,,车控_空调_设定温度,
,温度设为20度哈,,,,NOISE,,,,,['NOISE'],,,车控_空调_设定温度,
,给我整·到24度,,,,NOISE,,,,,['NOISE'],,,车控_空调_设定温度,
,给我·整到24度,,,,NOISE,,,,,['NOISE'],,,车控_空调_设定温度,
,给我整到24度，请问一下,,,,NOISE,,,,,['NOISE'],,,车控_空调_设定温度,
,给我整到24度，麻烦你,,,,NOISE,,,,,['NOISE'],,,车控_空调_设定温度,
,给我整到24度,,,,NOISE,,,,,['NOISE'],,,车控_空调_设定温度,
,给我整到24度,,,,NOISE,,,,,['NOISE'],,,车控_空调_设定温度,
,就是…给我整到24度,,,,NOISE,,,,,['NOISE'],,,车控_空调_设定温度,
,就是…给我整到24度,,,,NOISE,,,,,['NOISE'],,,车控_空调_设定温度,
,空·调弄成19度行吗,,,,NOISE,,,,,['NOISE'],,,车控_空调_设定温度,
,空·调弄成19度行吗,,,,NOISE,,,,,['NOISE'],,,车控_空调_设定温度,
,麻烦你…空调弄成19度行吗,,,,NOISE,,,,,['NOISE'],,,车控_空调_设定温度,
,拜托啦…空调弄成19度行吗,,,,NOISE,,,,,['NOISE'],,,车控_空调_设定温度,
,空调弄成19度行吗,,,,NOISE,,,,,['NOISE'],,,车控_空调_设定温度,
,空调弄成19度行吗,,,,NOISE,,,,,['NOISE'],,,车控_空调_设定温度,
,空调弄成19度行吗哈,,,,NOISE,,,,,['NOISE'],,,车控_空调_设定温度,
,诶…空调弄成19度行吗,,,,NOISE,,,,,['NOISE'],,,车控_空调_设定温度,
,温·度往25度调,,,,NOISE,,,,,['NOISE'],,,车控_空调_设定温度,
,温·度往25度调,,,,NOISE,,,,,['NOISE'],,,车控_空调_设定温度,
,温度往25度调，拜托啦,,,,NOISE,,,,,['NOISE'],,,车控_空调_设定温度,
,就是…温度往25度调,,,,NOISE,,,,,['NOISE'],,,车控_空调_设定温度,
,温度往25度调,,,,NOISE,,,,,['NOISE'],,,车控_空调_设定温度,
,温度往25度调,,,,NOISE,,,,,['NOISE'],,,车控_空调_设定温度,
,温度往25度调哈,,,,NOISE,,,,,['NOISE'],,,车控_空调_设定温度,
,就是…温度往25度调,,,,NOISE,,,,,['NOISE'],,,车控_空调_设定温度,
,搞个21度的温·度,,,,NOISE,,,,,['NOISE'],,,车控_空调_设定温度,
,搞个21度的·温度,,,,NOISE,,,,,['NOISE'],,,车控_空调_设定温度,
,麻烦你…搞个21度的温度,,,,NOISE,,,,,['NOISE'],,,车控_空调_设定温度,
,请问一下…搞个21度的温度,,,,NOISE,,,,,['NOISE'],,,车控_空调_设定温度,
,搞个21度的温度,,,,NOISE,,,,,['NOISE'],,,车控_空调_设定温度,
,搞个21度的温度,,,,NOISE,,,,,['NOISE'],,,车控_空调_设定温度,
,请问…搞个21度的温度,,,,NOISE,,,,,['NOISE'],,,车控_空调_设定温度,
,搞个21度的温度啦,,,,NOISE,,,,,['NOISE'],,,车控_空调_设定温度,
,能不能·设到17度啊,,,,NOISE,,,,,['NOISE'],,,车控_空调_设定温度,
,能不能设到1·7度啊,,,,NOISE,,,,,['NOISE'],,,车控_空调_设定温度,
,能不能设到17度啊，嗯,,,,NOISE,,,,,['NOISE'],,,车控_空调_设定温度,
,拜托啦…能不能设到17度啊,,,,NOISE,,,,,['NOISE'],,,车控_空调_设定温度,
,能不能设到17度啊,,,,NOISE,,,,,['NOISE'],,,车控_空调_设定温度,
,能不能设到17度啊,,,,NOISE,,,,,['NOISE'],,,车控_空调_设定温度,
,能不能设到17度啊咯,,,,NOISE,,,,,['NOISE'],,,车控_空调_设定温度,
,嗯…能不能设到17度啊,,,,NOISE,,,,,['NOISE'],,,车控_空调_设定温度,
,温度调到23度,,,,CTX,,g1,,,['CTX_CONTINUATION'],,,车控_空调_设定温度,1.0
,换成五月天的,,,,CTX,,g1,,,['CTX_CONTINUATION'],,,车控_空调_设定温度,2.0
,我想去银行,,,,CTX,,g1,,,['DISAMBIG'],,,车控_空调_设定温度,3.0
,空调温度设置成22度,,,,CTX,,g2,,,['CTX_CONTINUATION'],,,车控_空调_设定温度,1.0
,换成五月天的,,,,CTX,,g2,,,['CTX_CONTINUATION'],,,车控_空调_设定温度,2.0
,我想去银行,,,,CTX,,g2,,,['DISAMBIG'],,,车控_空调_设定温度,3.0
,调到26度,,,,CTX,,g3,,,['CTX_CONTINUATION'],,,车控_空调_设定温度,1.0
,换成五月天的,,,,CTX,,g3,,,['CTX_CONTINUATION'],,,车控_空调_设定温度,2.0
,我想去银行,,,,CTX,,g3,,,['DISAMBIG'],,,车控_空调_设定温度,3.0
,设定温度18度,,,,CTX,,g4,,,['CTX_CONTINUATION'],,,车控_空调_设定温度,1.0
,换成五月天的,,,,CTX,,g4,,,['CTX_CONTINUATION'],,,车控_空调_设定温度,2.0
,我想去银行,,,,CTX,,g4,,,['DISAMBIG'],,,车控_空调_设定温度,3.0
,温度设为20度,,,,CTX,,g5,,,['CTX_CONTINUATION'],,,车控_空调_设定温度,1.0
,换成五月天的,,,,CTX,,g5,,,['CTX_CONTINUATION'],,,车控_空调_设定温度,2.0
,我想去银行,,,,CTX,,g5,,,['DISAMBIG'],,,车控_空调_设定温度,3.0
,最·近头晕怎么办,,,,NOISE,,,,,['NOISE'],,,健康_咨询_一般问答,
,最·近头晕怎么办,,,,NOISE,,,,,['NOISE'],,,健康_咨询_一般问答,
,呃…最近头晕怎么办,,,,NOISE,,,,,['NOISE'],,,健康_咨询_一般问答,
,最近头晕怎么办，嗯,,,,NOISE,,,,,['NOISE'],,,健康_咨询_一般问答,
,最近头晕怎么办,,,,NOISE,,,,,['NOISE'],,,健康_咨询_一般问答,
,最近头晕怎么办,,,,NOISE,,,,,['NOISE'],,,健康_咨询_一般问答,
,就是…最近头晕怎么办,,,,NOISE,,,,,['NOISE'],,,健康_咨询_一般问答,
,最近头晕怎么办呀,,,,NOISE,,,,,['NOISE'],,,健康_咨询_一般问答,
,最·近胃疼怎么办,,,,NOISE,,,,,['NOISE'],,,健康_咨询_一般问答,
,最近胃疼·怎么办,,,,NOISE,,,,,['NOISE'],,,健康_咨询_一般问答,
,最近胃疼怎么办，请问一下,,,,NOISE,,,,,['NOISE'],,,健康_咨询_一般问答,
,劳驾…最近胃疼怎么办,,,,NOISE,,,,,['NOISE'],,,健康_咨询_一般问答,
,最近胃疼怎么办,,,,NOISE,,,,,['NOISE'],,,健康_咨询_一般问答,
,最近胃疼怎么办,,,,NOISE,,,,,['NOISE'],,,健康_咨询_一般问答,
,嗯…最近胃疼怎么办,,,,NOISE,,,,,['NOISE'],,,健康_咨询_一般问答,
,诶…最近胃疼怎么办,,,,NOISE,,,,,['NOISE'],,,健康_咨询_一般问答,
,糖尿病有哪些常·见表现,,,,NOISE,,,,,['NOISE'],,,健康_咨询_一般问答,
,糖·尿病有哪些常见表现,,,,NOISE,,,,,['NOISE'],,,健康_咨询_一般问答,
,糖尿病有哪些常见表现，请问一下,,,,NOISE,,,,,['NOISE'],,,健康_咨询_一般问答,
,嗯…糖尿病有哪些常见表现,,,,NOISE,,,,,['NOISE'],,,健康_咨询_一般问答,
,糖尿病有哪些常见表现,,,,NOISE,,,,,['NOISE'],,,健康_咨询_一般问答,
,糖尿病有哪些常见表现,,,,NOISE,,,,,['NOISE'],,,健康_咨询_一般问答,
,糖尿病有哪些常见表现呀,,,,NOISE,,,,,['NOISE'],,,健康_咨询_一般问答,
,糖尿病有哪些常见表现哈,,,,NOISE,,,,,['NOISE'],,,健康_咨询_一般问答,
,感冒·有哪些常见表现,,,,NOISE,,,,,['NOISE'],,,健康_咨询_一般问答,
,感冒·有哪些常见表现,,,,NOISE,,,,,['NOISE'],,,健康_咨询_一般问答,
,感冒有哪些常见表现，请问一下,,,,NOISE,,,,,['NOISE'],,,健康_咨询_一般问答,
,感冒有哪些常见表现，劳驾,,,,NOISE,,,,,['NOISE'],,,健康_咨询_一般问答,
,感冒有哪些常见表现,,,,NOISE,,,,,['NOISE'],,,健康_咨询_一般问答,
,感冒有哪些常见表现,,,,NOISE,,,,,['NOISE'],,,健康_咨询_一般问答,
,拜托…感冒有哪些常见表现,,,,NOISE,,,,,['NOISE'],,,健康_咨询_一般问答,
,感冒有哪些常见表现呀,,,,NOISE,,,,,['NOISE'],,,健康_咨询_一般问答,
,减肥能不能吃·巧克力,,,,NOISE,,,,,['NOISE'],,,健康_咨询_一般问答,
,减肥能不·能吃巧克力,,,,NOISE,,,,,['NOISE'],,,健康_咨询_一般问答,
,减肥能不能吃巧克力，劳驾,,,,NOISE,,,,,['NOISE'],,,健康_咨询_一般问答,
,就是…减肥能不能吃巧克力,,,,NOISE,,,,,['NOISE'],,,健康_咨询_一般问答,
,减肥能不能吃巧克力,,,,NOISE,,,,,['NOISE'],,,健康_咨询_一般问答,
,减肥能不能吃巧克力,,,,NOISE,,,,,['NOISE'],,,健康_咨询_一般问答,
,减肥能不能吃巧克力呗,,,,NOISE,,,,,['NOISE'],,,健康_咨询_一般问答,
,那个啥…减肥能不能吃巧克力,,,,NOISE,,,,,['NOISE'],,,健康_咨询_一般问答,
,最近·总是头晕该咋处理,,,,NOISE,,,,,['NOISE'],,,健康_咨询_一般问答,
,最近·总是头晕该咋处理,,,,NOISE,,,,,['NOISE'],,,健康_咨询_一般问答,
,诶…最近总是头晕该咋处理,,,,NOISE,,,,,['NOISE'],,,健康_咨询_一般问答,
,诶…最近总是头晕该咋处理,,,,NOISE,,,,,['NOISE'],,,健康_咨询_一般问答,
,最近总是头晕该咋处理,,,,NOISE,,,,,['NOISE'],,,健康_咨询_一般问答,
,最近总是头晕该咋处理,,,,NOISE,,,,,['NOISE'],,,健康_咨询_一般问答,
,最近总是头晕该咋处理啦,,,,NOISE,,,,,['NOISE'],,,健康_咨询_一般问答,
,诶…最近总是头晕该咋处理,,,,NOISE,,,,,['NOISE'],,,健康_咨询_一般问答,
,胃痛如·何缓解啊,,,,NOISE,,,,,['NOISE'],,,健康_咨询_一般问答,
,胃·痛如何缓解啊,,,,NOISE,,,,,['NOISE'],,,健康_咨询_一般问答,
,胃痛如何缓解啊，请问一下,,,,NOISE,,,,,['NOISE'],,,健康_咨询_一般问答,
,胃痛如何缓解啊，诶,,,,NOISE,,,,,['NOISE'],,,健康_咨询_一般问答,
,胃痛如何缓解啊,,,,NOISE,,,,,['NOISE'],,,健康_咨询_一般问答,
,胃痛如何缓解啊,,,,NOISE,,,,,['NOISE'],,,健康_咨询_一般问答,
,胃痛如何缓解啊呗,,,,NOISE,,,,,['NOISE'],,,健康_咨询_一般问答,
,胃痛如何缓解啊呀,,,,NOISE,,,,,['NOISE'],,,健康_咨询_一般问答,
,糖尿病一般有·什么症状,,,,NOISE,,,,,['NOISE'],,,健康_咨询_一般问答,
,糖尿病·一般有什么症状,,,,NOISE,,,,,['NOISE'],,,健康_咨询_一般问答,
,然后…糖尿病一般有什么症状,,,,NOISE,,,,,['NOISE'],,,健康_咨询_一般问答,
,糖尿病一般有什么症状，就是,,,,NOISE,,,,,['NOISE'],,,健康_咨询_一般问答,
,糖尿病一般有什么症状,,,,NOISE,,,,,['NOISE'],,,健康_咨询_一般问答,
,糖尿病一般有什么症状,,,,NOISE,,,,,['NOISE'],,,健康_咨询_一般问答,
,糖尿病一般有什么症状嘛,,,,NOISE,,,,,['NOISE'],,,健康_咨询_一般问答,
,诶…糖尿病一般有什么症状,,,,NOISE,,,,,['NOISE'],,,健康_咨询_一般问答,
,感冒通·常会出现哪些症状,,,,NOISE,,,,,['NOISE'],,,健康_咨询_一般问答,
,感冒通常·会出现哪些症状,,,,NOISE,,,,,['NOISE'],,,健康_咨询_一般问答,
,感冒通常会出现哪些症状，拜托啦,,,,NOISE,,,,,['NOISE'],,,健康_咨询_一般问答,
,感冒通常会出现哪些症状，诶,,,,NOISE,,,,,['NOISE'],,,健康_咨询_一般问答,
,感冒通常会出现哪些症状,,,,NOISE,,,,,['NOISE'],,,健康_咨询_一般问答,
,感冒通常会出现哪些症状,,,,NOISE,,,,,['NOISE'],,,健康_咨询_一般问答,
,嗯…感冒通常会出现哪些症状,,,,NOISE,,,,,['NOISE'],,,健康_咨询_一般问答,
,感冒通常会出现哪些症状呗,,,,NOISE,,,,,['NOISE'],,,健康_咨询_一般问答,
,正在减肥的话能吃巧克·力吗,,,,NOISE,,,,,['NOISE'],,,健康_咨询_一般问答,
,正在减肥的话能吃巧·克力吗,,,,NOISE,,,,,['NOISE'],,,健康_咨询_一般问答,
,正在减肥的话能吃巧克力吗，拜托啦,,,,NOISE,,,,,['NOISE'],,,健康_咨询_一般问答,
,正在减肥的话能吃巧克力吗，就是,,,,NOISE,,,,,['NOISE'],,,健康_咨询_一般问答,
,正在减肥的话能吃巧克力吗,,,,NOISE,,,,,['NOISE'],,,健康_咨询_一般问答,
,正在减肥的话能吃巧克力吗,,,,NOISE,,,,,['NOISE'],,,健康_咨询_一般问答,
,嗯…正在减肥的话能吃巧克力吗,,,,NOISE,,,,,['NOISE'],,,健康_咨询_一般问答,
,正在减肥的话能吃巧克力吗呗,,,,NOISE,,,,,['NOISE'],,,健康_咨询_一般问答,
,最近失眠·怎么办,,,,NOISE,,,,,['NOISE'],,,健康_咨询_一般问答,
,最近失眠怎么·办,,,,NOISE,,,,,['NOISE'],,,健康_咨询_一般问答,
,最近失眠怎么办，那个啥,,,,NOISE,,,,,['NOISE'],,,健康_咨询_一般问答,
,麻烦你…最近失眠怎么办,,,,NOISE,,,,,['NOISE'],,,健康_咨询_一般问答,
,最近失眠怎么办,,,,NOISE,,,,,['NOISE'],,,健康_咨询_一般问答,
,最近失眠怎么办,,,,NOISE,,,,,['NOISE'],,,健康_咨询_一般问答,
,诶…最近失眠怎么办,,,,NOISE,,,,,['NOISE'],,,健康_咨询_一般问答,
,最近失眠怎么办咯,,,,NOISE,,,,,['NOISE'],,,健康_咨询_一般问答,
,高血压有·哪些常见表现,,,,NOISE,,,,,['NOISE'],,,健康_咨询_一般问答,
,高·血压有哪些常见表现,,,,NOISE,,,,,['NOISE'],,,健康_咨询_一般问答,
,高血压有哪些常见表现，嗯,,,,NOISE,,,,,['NOISE'],,,健康_咨询_一般问答,
,高血压有哪些常见表现，那个啥,,,,NOISE,,,,,['NOISE'],,,健康_咨询_一般问答,
,高血压有哪些常见表现,,,,NOISE,,,,,['NOISE'],,,健康_咨询_一般问答,
,高血压有哪些常见表现,,,,NOISE,,,,,['NOISE'],,,健康_咨询_一般问答,
,拜托…高血压有哪些常见表现,,,,NOISE,,,,,['NOISE'],,,健康_咨询_一般问答,
,高血压有哪些常见表现嘛,,,,NOISE,,,,,['NOISE'],,,健康_咨询_一般问答,
,减肥·期间可以吃西瓜吗,,,,NOISE,,,,,['NOISE'],,,健康_咨询_一般问答,
,减肥期间可以吃西·瓜吗,,,,NOISE,,,,,['NOISE'],,,健康_咨询_一般问答,
,嗯…减肥期间可以吃西瓜吗,,,,NOISE,,,,,['NOISE'],,,健康_咨询_一般问答,
,减肥期间可以吃西瓜吗，那个啥,,,,NOISE,,,,,['NOISE'],,,健康_咨询_一般问答,
,减肥期间可以吃西瓜吗,,,,NOISE,,,,,['NOISE'],,,健康_咨询_一般问答,
,减肥期间可以吃西瓜吗,,,,NOISE,,,,,['NOISE'],,,健康_咨询_一般问答,
,诶…减肥期间可以吃西瓜吗,,,,NOISE,,,,,['NOISE'],,,健康_咨询_一般问答,
,嗯…减肥期间可以吃西瓜吗,,,,NOISE,,,,,['NOISE'],,,健康_咨询_一般问答,
,最近咳嗽怎么·缓解,,,,NOISE,,,,,['NOISE'],,,健康_咨询_一般问答,
,最·近咳嗽怎么缓解,,,,NOISE,,,,,['NOISE'],,,健康_咨询_一般问答,
,呃…最近咳嗽怎么缓解,,,,NOISE,,,,,['NOISE'],,,健康_咨询_一般问答,
,最近咳嗽怎么缓解，请问一下,,,,NOISE,,,,,['NOISE'],,,健康_咨询_一般问答,
,最近咳嗽怎么缓解,,,,NOISE,,,,,['NOISE'],,,健康_咨询_一般问答,
,最近咳嗽怎么缓解,,,,NOISE,,,,,['NOISE'],,,健康_咨询_一般问答,
,就是…最近咳嗽怎么缓解,,,,NOISE,,,,,['NOISE'],,,健康_咨询_一般问答,
,嗯…最近咳嗽怎么缓解,,,,NOISE,,,,,['NOISE'],,,健康_咨询_一般问答,
,贫血一般·会有什么症状,,,,NOISE,,,,,['NOISE'],,,健康_咨询_一般问答,
,贫血一般·会有什么症状,,,,NOISE,,,,,['NOISE'],,,健康_咨询_一般问答,
,然后…贫血一般会有什么症状,,,,NOISE,,,,,['NOISE'],,,健康_咨询_一般问答,
,呃…贫血一般会有什么症状,,,,NOISE,,,,,['NOISE'],,,健康_咨询_一般问答,
,贫血一般会有什么症状,,,,NOISE,,,,,['NOISE'],,,健康_咨询_一般问答,
,贫血一般会有什么症状,,,,NOISE,,,,,['NOISE'],,,健康_咨询_一般问答,
,嗯…贫血一般会有什么症状,,,,NOISE,,,,,['NOISE'],,,健康_咨询_一般问答,
,诶…贫血一般会有什么症状,,,,NOISE,,,,,['NOISE'],,,健康_咨询_一般问答,
,最近老失·眠该咋办,,,,NOISE,,,,,['NOISE'],,,健康_咨询_一般问答,
,最近·老失眠该咋办,,,,NOISE,,,,,['NOISE'],,,健康_咨询_一般问答,
,最近老失眠该咋办，呃,,,,NOISE,,,,,['NOISE'],,,健康_咨询_一般问答,
,最近老失眠该咋办，嗯,,,,NOISE,,,,,['NOISE'],,,健康_咨询_一般问答,
,最近老失眠该咋办,,,,NOISE,,,,,['NOISE'],,,健康_咨询_一般问答,
,最近老失眠该咋办,,,,NOISE,,,,,['NOISE'],,,健康_咨询_一般问答,
,最近老失眠该咋办呀,,,,NOISE,,,,,['NOISE'],,,健康_咨询_一般问答,
,最近老失眠该咋办呀,,,,NOISE,,,,,['NOISE'],,,健康_咨询_一般问答,
,高血·压常见症状有哪些,,,,NOISE,,,,,['NOISE'],,,健康_咨询_一般问答,
,高血压常见症·状有哪些,,,,NOISE,,,,,['NOISE'],,,健康_咨询_一般问答,
,高血压常见症状有哪些，诶,,,,NOISE,,,,,['NOISE'],,,健康_咨询_一般问答,
,就是…高血压常见症状有哪些,,,,NOISE,,,,,['NOISE'],,,健康_咨询_一般问答,
,高血压常见症状有哪些,,,,NOISE,,,,,['NOISE'],,,健康_咨询_一般问答,
,高血压常见症状有哪些,,,,NOISE,,,,,['NOISE'],,,健康_咨询_一般问答,
,高血压常见症状有哪些呀,,,,NOISE,,,,,['NOISE'],,,健康_咨询_一般问答,
,高血压常见症状有哪些咯,,,,NOISE,,,,,['NOISE'],,,健康_咨询_一般问答,
,减肥·吃炸鸡行不行,,,,NOISE,,,,,['NOISE'],,,健康_咨询_一般问答,
,减肥吃炸鸡行不·行,,,,NOISE,,,,,['NOISE'],,,健康_咨询_一般问答,
,拜托啦…减肥吃炸鸡行不行,,,,NOISE,,,,,['NOISE'],,,健康_咨询_一般问答,
,减肥吃炸鸡行不行，就是,,,,NOISE,,,,,['NOISE'],,,健康_咨询_一般问答,
,减肥吃炸鸡行不行,,,,NOISE,,,,,['NOISE'],,,健康_咨询_一般问答,
,减肥吃炸鸡行不行,,,,NOISE,,,,,['NOISE'],,,健康_咨询_一般问答,
,诶…减肥吃炸鸡行不行,,,,NOISE,,,,,['NOISE'],,,健康_咨询_一般问答,
,减肥吃炸鸡行不行哈,,,,NOISE,,,,,['NOISE'],,,健康_咨询_一般问答,
,最·近腹泻如何处理比较好,,,,NOISE,,,,,['NOISE'],,,健康_咨询_一般问答,
,最近腹泻如何处理比较·好,,,,NOISE,,,,,['NOISE'],,,健康_咨询_一般问答,
,呃…最近腹泻如何处理比较好,,,,NOISE,,,,,['NOISE'],,,健康_咨询_一般问答,
,最近腹泻如何处理比较好，拜托啦,,,,NOISE,,,,,['NOISE'],,,健康_咨询_一般问答,
,最近腹泻如何处理比较好,,,,NOISE,,,,,['NOISE'],,,健康_咨询_一般问答,
,最近腹泻如何处理比较好,,,,NOISE,,,,,['NOISE'],,,健康_咨询_一般问答,
,最近腹泻如何处理比较好咯,,,,NOISE,,,,,['NOISE'],,,健康_咨询_一般问答,
,诶…最近腹泻如何处理比较好,,,,NOISE,,,,,['NOISE'],,,健康_咨询_一般问答,
,胃胀气有什么解决·办法吗,,,,NOISE,,,,,['NOISE'],,,健康_咨询_一般问答,
,胃胀气有什么解·决办法吗,,,,NOISE,,,,,['NOISE'],,,健康_咨询_一般问答,
,胃胀气有什么解决办法吗，呃,,,,NOISE,,,,,['NOISE'],,,健康_咨询_一般问答,
,胃胀气有什么解决办法吗，麻烦你,,,,NOISE,,,,,['NOISE'],,,健康_咨询_一般问答,
,胃胀气有什么解决办法吗,,,,NOISE,,,,,['NOISE'],,,健康_咨询_一般问答,
,胃胀气有什么解决办法吗,,,,NOISE,,,,,['NOISE'],,,健康_咨询_一般问答,
,胃胀气有什么解决办法吗嘛,,,,NOISE,,,,,['NOISE'],,,健康_咨询_一般问答,
,嗯…胃胀气有什么解决办法吗,,,,NOISE,,,,,['NOISE'],,,健康_咨询_一般问答,
,最近手脚发冷怎·么办,,,,NOISE,,,,,['NOISE'],,,健康_咨询_一般问答,
,最近手脚发冷·怎么办,,,,NOISE,,,,,['NOISE'],,,健康_咨询_一般问答,
,麻烦你…最近手脚发冷怎么办,,,,NOISE,,,,,['NOISE'],,,健康_咨询_一般问答,
,最近手脚发冷怎么办，拜托啦,,,,NOISE,,,,,['NOISE'],,,健康_咨询_一般问答,
,最近手脚发冷怎么办,,,,NOISE,,,,,['NOISE'],,,健康_咨询_一般问答,
,最近手脚发冷怎么办,,,,NOISE,,,,,['NOISE'],,,健康_咨询_一般问答,
,最近手脚发冷怎么办呗,,,,NOISE,,,,,['NOISE'],,,健康_咨询_一般问答,
,最近手脚发冷怎么办咯,,,,NOISE,,,,,['NOISE'],,,健康_咨询_一般问答,
,痛风有哪些典型症·状,,,,NOISE,,,,,['NOISE'],,,健康_咨询_一般问答,
,痛风有哪·些典型症状,,,,NOISE,,,,,['NOISE'],,,健康_咨询_一般问答,
,痛风有哪些典型症状，劳驾,,,,NOISE,,,,,['NOISE'],,,健康_咨询_一般问答,
,然后…痛风有哪些典型症状,,,,NOISE,,,,,['NOISE'],,,健康_咨询_一般问答,
,痛风有哪些典型症状,,,,NOISE,,,,,['NOISE'],,,健康_咨询_一般问答,
,痛风有哪些典型症状,,,,NOISE,,,,,['NOISE'],,,健康_咨询_一般问答,
,痛风有哪些典型症状嘛,,,,NOISE,,,,,['NOISE'],,,健康_咨询_一般问答,
,痛风有哪些典型症状啦,,,,NOISE,,,,,['NOISE'],,,健康_咨询_一般问答,
,减脂期适·合吃牛肉吗,,,,NOISE,,,,,['NOISE'],,,健康_咨询_一般问答,
,减脂期适合·吃牛肉吗,,,,NOISE,,,,,['NOISE'],,,健康_咨询_一般问答,
,嗯…减脂期适合吃牛肉吗,,,,NOISE,,,,,['NOISE'],,,健康_咨询_一般问答,
,减脂期适合吃牛肉吗，诶,,,,NOISE,,,,,['NOISE'],,,健康_咨询_一般问答,
,减脂期适合吃牛肉吗,,,,NOISE,,,,,['NOISE'],,,健康_咨询_一般问答,
,减脂期适合吃牛肉吗,,,,NOISE,,,,,['NOISE'],,,健康_咨询_一般问答,
,减脂期适合吃牛肉吗咯,,,,NOISE,,,,,['NOISE'],,,健康_咨询_一般问答,
,诶…减脂期适合吃牛肉吗,,,,NOISE,,,,,['NOISE'],,,健康_咨询_一般问答,
,最近心跳·很快该怎么做,,,,NOISE,,,,,['NOISE'],,,健康_咨询_一般问答,
,最近心跳很快该·怎么做,,,,NOISE,,,,,['NOISE'],,,健康_咨询_一般问答,
,就是…最近心跳很快该怎么做,,,,NOISE,,,,,['NOISE'],,,健康_咨询_一般问答,
,最近心跳很快该怎么做，那个啥,,,,NOISE,,,,,['NOISE'],,,健康_咨询_一般问答,
,最近心跳很快该怎么做,,,,NOISE,,,,,['NOISE'],,,健康_咨询_一般问答,
,最近心跳很快该怎么做,,,,NOISE,,,,,['NOISE'],,,健康_咨询_一般问答,
,最近心跳很快该怎么做呀,,,,NOISE,,,,,['NOISE'],,,健康_咨询_一般问答,
,最近心跳很快该怎么做咯,,,,NOISE,,,,,['NOISE'],,,健康_咨询_一般问答,
,过敏反应通·常有什么表现,,,,NOISE,,,,,['NOISE'],,,健康_咨询_一般问答,
,过敏反应通·常有什么表现,,,,NOISE,,,,,['NOISE'],,,健康_咨询_一般问答,
,过敏反应通常有什么表现，拜托啦,,,,NOISE,,,,,['NOISE'],,,健康_咨询_一般问答,
,请问一下…过敏反应通常有什么表现,,,,NOISE,,,,,['NOISE'],,,健康_咨询_一般问答,
,过敏反应通常有什么表现,,,,NOISE,,,,,['NOISE'],,,健康_咨询_一般问答,
,过敏反应通常有什么表现,,,,NOISE,,,,,['NOISE'],,,健康_咨询_一般问答,
,过敏反应通常有什么表现咯,,,,NOISE,,,,,['NOISE'],,,健康_咨询_一般问答,
,那个啥…过敏反应通常有什么表现,,,,NOISE,,,,,['NOISE'],,,健康_咨询_一般问答,
,最近头晕怎么办,,,,CTX,,g1,,,['CTX_CONTINUATION'],,,健康_咨询_一般问答,1.0
,换成五月天的,,,,CTX,,g1,,,['CTX_CONTINUATION'],,,健康_咨询_一般问答,2.0
,我想去银行,,,,CTX,,g1,,,['DISAMBIG'],,,健康_咨询_一般问答,3.0
,最近胃疼怎么办,,,,CTX,,g2,,,['CTX_CONTINUATION'],,,健康_咨询_一般问答,1.0
,换成五月天的,,,,CTX,,g2,,,['CTX_CONTINUATION'],,,健康_咨询_一般问答,2.0
,我想去银行,,,,CTX,,g2,,,['DISAMBIG'],,,健康_咨询_一般问答,3.0
,糖尿病有哪些常见表现,,,,CTX,,g3,,,['CTX_CONTINUATION'],,,健康_咨询_一般问答,1.0
,换成五月天的,,,,CTX,,g3,,,['CTX_CONTINUATION'],,,健康_咨询_一般问答,2.0
,我想去银行,,,,CTX,,g3,,,['DISAMBIG'],,,健康_咨询_一般问答,3.0
,感冒有哪些常见表现,,,,CTX,,g4,,,['CTX_CONTINUATION'],,,健康_咨询_一般问答,1.0
,换成五月天的,,,,CTX,,g4,,,['CTX_CONTINUATION'],,,健康_咨询_一般问答,2.0
,我想去银行,,,,CTX,,g4,,,['DISAMBIG'],,,健康_咨询_一般问答,3.0
,减肥能不能吃巧克力,,,,CTX,,g5,,,['CTX_CONTINUATION'],,,健康_咨询_一般问答,1.0
,换成五月天的,,,,CTX,,g5,,,['CTX_CONTINUATION'],,,健康_咨询_一般问答,2.0
,我想去银行,,,,CTX,,g5,,,['DISAMBIG'],,,健康_咨询_一般问答,3.0
,到航怎么用,,,,NOISE,,,,,['NOISE'],,,用车_FAQ,
,到航怎么用,,,,NOISE,,,,,['NOISE'],,,用车_FAQ,
,就是…导航怎么用,,,,NOISE,,,,,['NOISE'],,,用车_FAQ,
,导航怎么用，诶,,,,NOISE,,,,,['NOISE'],,,用车_FAQ,
,导航怎么用,,,,NOISE,,,,,['NOISE'],,,用车_FAQ,
,导航怎么用,,,,NOISE,,,,,['NOISE'],,,用车_FAQ,
,导航怎么用咯,,,,NOISE,,,,,['NOISE'],,,用车_FAQ,
,导航怎么用咯,,,,NOISE,,,,,['NOISE'],,,用车_FAQ,
,蓝牙连不·上怎么办,,,,NOISE,,,,,['NOISE'],,,用车_FAQ,
,蓝·牙连不上怎么办,,,,NOISE,,,,,['NOISE'],,,用车_FAQ,
,蓝牙连不上怎么办，请问一下,,,,NOISE,,,,,['NOISE'],,,用车_FAQ,
,麻烦你…蓝牙连不上怎么办,,,,NOISE,,,,,['NOISE'],,,用车_FAQ,
,蓝牙连不上怎么办,,,,NOISE,,,,,['NOISE'],,,用车_FAQ,
,蓝牙连不上怎么办,,,,NOISE,,,,,['NOISE'],,,用车_FAQ,
,那个啥…蓝牙连不上怎么办,,,,NOISE,,,,,['NOISE'],,,用车_FAQ,
,那个啥…蓝牙连不上怎么办,,,,NOISE,,,,,['NOISE'],,,用车_FAQ,
,语音助手怎么·唤醒,,,,NOISE,,,,,['NOISE'],,,用车_FAQ,
,语音助手怎么·唤醒,,,,NOISE,,,,,['NOISE'],,,用车_FAQ,
,语音助手怎么唤醒，请问一下,,,,NOISE,,,,,['NOISE'],,,用车_FAQ,
,语音助手怎么唤醒，嗯,,,,NOISE,,,,,['NOISE'],,,用车_FAQ,
,语音助手怎么唤醒,,,,NOISE,,,,,['NOISE'],,,用车_FAQ,
,语音助手怎么唤醒,,,,NOISE,,,,,['NOISE'],,,用车_FAQ,
,拜托…语音助手怎么唤醒,,,,NOISE,,,,,['NOISE'],,,用车_FAQ,
,那个啥…语音助手怎么唤醒,,,,NOISE,,,,,['NOISE'],,,用车_FAQ,
,氛·围灯颜色怎么调,,,,NOISE,,,,,['NOISE'],,,用车_FAQ,
,氛围灯颜色怎·么调,,,,NOISE,,,,,['NOISE'],,,用车_FAQ,
,就是…氛围灯颜色怎么调,,,,NOISE,,,,,['NOISE'],,,用车_FAQ,
,那个啥…氛围灯颜色怎么调,,,,NOISE,,,,,['NOISE'],,,用车_FAQ,
,氛围灯颜色怎么调,,,,NOISE,,,,,['NOISE'],,,用车_FAQ,
,氛围灯颜色怎么调,,,,NOISE,,,,,['NOISE'],,,用车_FAQ,
,氛围灯颜色怎么调呗,,,,NOISE,,,,,['NOISE'],,,用车_FAQ,
,拜托…氛围灯颜色怎么调,,,,NOISE,,,,,['NOISE'],,,用车_FAQ,
,座椅加热·打不开,,,,NOISE,,,,,['NOISE'],,,用车_FAQ,
,座·椅加热打不开,,,,NOISE,,,,,['NOISE'],,,用车_FAQ,
,座椅加热打不开，诶,,,,NOISE,,,,,['NOISE'],,,用车_FAQ,
,座椅加热打不开，拜托啦,,,,NOISE,,,,,['NOISE'],,,用车_FAQ,
,座椅加热打不开,,,,NOISE,,,,,['NOISE'],,,用车_FAQ,
,座椅加热打不开,,,,NOISE,,,,,['NOISE'],,,用车_FAQ,
,拜托…座椅加热打不开,,,,NOISE,,,,,['NOISE'],,,用车_FAQ,
,座椅加热打不开啦,,,,NOISE,,,,,['NOISE'],,,用车_FAQ,
,導航功能要怎么操作,,,,NOISE,,,,,['NOISE'],,,用车_FAQ,
,到航功能要怎么操作,,,,NOISE,,,,,['NOISE'],,,用车_FAQ,
,导航功能要怎么操作，诶,,,,NOISE,,,,,['NOISE'],,,用车_FAQ,
,导航功能要怎么操作，麻烦你,,,,NOISE,,,,,['NOISE'],,,用车_FAQ,
,导航功能要怎么操作,,,,NOISE,,,,,['NOISE'],,,用车_FAQ,
,导航功能要怎么操作,,,,NOISE,,,,,['NOISE'],,,用车_FAQ,
,导航功能要怎么操作咯,,,,NOISE,,,,,['NOISE'],,,用车_FAQ,
,那个啥…导航功能要怎么操作,,,,NOISE,,,,,['NOISE'],,,用车_FAQ,
,蓝牙一直连接·失败怎么处理,,,,NOISE,,,,,['NOISE'],,,用车_FAQ,
,蓝·牙一直连接失败怎么处理,,,,NOISE,,,,,['NOISE'],,,用车_FAQ,
,蓝牙一直连接失败怎么处理，呃,,,,NOISE,,,,,['NOISE'],,,用车_FAQ,
,然后…蓝牙一直连接失败怎么处理,,,,NOISE,,,,,['NOISE'],,,用车_FAQ,
,蓝牙一直连接失败怎么处理,,,,NOISE,,,,,['NOISE'],,,用车_FAQ,
,蓝牙一直连接失败怎么处理,,,,NOISE,,,,,['NOISE'],,,用车_FAQ,
,蓝牙一直连接失败怎么处理嘛,,,,NOISE,,,,,['NOISE'],,,用车_FAQ,
,拜托…蓝牙一直连接失败怎么处理,,,,NOISE,,,,,['NOISE'],,,用车_FAQ,
,胎压监测怎么看数·据,,,,NOISE,,,,,['NOISE'],,,用车_FAQ,
,胎压监测怎·么看数据,,,,NOISE,,,,,['NOISE'],,,用车_FAQ,
,麻烦你…胎压监测怎么看数据,,,,NOISE,,,,,['NOISE'],,,用车_FAQ,
,嗯…胎压监测怎么看数据,,,,NOISE,,,,,['NOISE'],,,用车_FAQ,
,胎压监测怎么看数据,,,,NOISE,,,,,['NOISE'],,,用车_FAQ,
,胎压监测怎么看数据,,,,NOISE,,,,,['NOISE'],,,用车_FAQ,
,请问…胎压监测怎么看数据,,,,NOISE,,,,,['NOISE'],,,用车_FAQ,
,诶…胎压监测怎么看数据,,,,NOISE,,,,,['NOISE'],,,用车_FAQ,
,车载WiFi总是·掉线咋解决,,,,NOISE,,,,,['NOISE'],,,用车_FAQ,
,车载WiFi总是掉线咋解·决,,,,NOISE,,,,,['NOISE'],,,用车_FAQ,
,车载WiFi总是掉线咋解决，那个啥,,,,NOISE,,,,,['NOISE'],,,用车_FAQ,
,车载WiFi总是掉线咋解决，就是,,,,NOISE,,,,,['NOISE'],,,用车_FAQ,
,车载WiFi总是掉线咋解决,,,,NOISE,,,,,['NOISE'],,,用车_FAQ,
,车载WiFi总是掉线咋解决,,,,NOISE,,,,,['NOISE'],,,用车_FAQ,
,车载WiFi总是掉线咋解决呀,,,,NOISE,,,,,['NOISE'],,,用车_FAQ,
,就是…车载WiFi总是掉线咋解决,,,,NOISE,,,,,['NOISE'],,,用车_FAQ,
,方向盘加·热开启方式,,,,NOISE,,,,,['NOISE'],,,用车_FAQ,
,方向盘·加热开启方式,,,,NOISE,,,,,['NOISE'],,,用车_FAQ,
,方向盘加热开启方式，就是,,,,NOISE,,,,,['NOISE'],,,用车_FAQ,
,方向盘加热开启方式，拜托啦,,,,NOISE,,,,,['NOISE'],,,用车_FAQ,
,方向盘加热开启方式,,,,NOISE,,,,,['NOISE'],,,用车_FAQ,
,方向盘加热开启方式,,,,NOISE,,,,,['NOISE'],,,用车_FAQ,
,请问…方向盘加热开启方式,,,,NOISE,,,,,['NOISE'],,,用车_FAQ,
,方向盘加热开启方式嘛,,,,NOISE,,,,,['NOISE'],,,用车_FAQ,
,定速巡航怎么·设置,,,,NOISE,,,,,['NOISE'],,,用车_FAQ,
,定速巡航·怎么设置,,,,NOISE,,,,,['NOISE'],,,用车_FAQ,
,那个啥…定速巡航怎么设置,,,,NOISE,,,,,['NOISE'],,,用车_FAQ,
,麻烦你…定速巡航怎么设置,,,,NOISE,,,,,['NOISE'],,,用车_FAQ,
,定速巡航怎么设置,,,,NOISE,,,,,['NOISE'],,,用车_FAQ,
,定速巡航怎么设置,,,,NOISE,,,,,['NOISE'],,,用车_FAQ,
,嗯…定速巡航怎么设置,,,,NOISE,,,,,['NOISE'],,,用车_FAQ,
,定速巡航怎么设置哈,,,,NOISE,,,,,['NOISE'],,,用车_FAQ,
,行车记录仪·没反应,,,,NOISE,,,,,['NOISE'],,,用车_FAQ,
,行车记录仪没反·应,,,,NOISE,,,,,['NOISE'],,,用车_FAQ,
,行车记录仪没反应，呃,,,,NOISE,,,,,['NOISE'],,,用车_FAQ,
,呃…行车记录仪没反应,,,,NOISE,,,,,['NOISE'],,,用车_FAQ,
,行车记录仪没反应,,,,NOISE,,,,,['NOISE'],,,用车_FAQ,
,行车记录仪没反应,,,,NOISE,,,,,['NOISE'],,,用车_FAQ,
,行车记录仪没反应呀,,,,NOISE,,,,,['NOISE'],,,用车_FAQ,
,请问…行车记录仪没反应,,,,NOISE,,,,,['NOISE'],,,用车_FAQ,
,如何切换驾·驶模式,,,,NOISE,,,,,['NOISE'],,,用车_FAQ,
,如·何切换驾驶模式,,,,NOISE,,,,,['NOISE'],,,用车_FAQ,
,嗯…如何切换驾驶模式,,,,NOISE,,,,,['NOISE'],,,用车_FAQ,
,如何切换驾驶模式，就是,,,,NOISE,,,,,['NOISE'],,,用车_FAQ,
,如何切换驾驶模式,,,,NOISE,,,,,['NOISE'],,,用车_FAQ,
,如何切换驾驶模式,,,,NOISE,,,,,['NOISE'],,,用车_FAQ,
,如何切换驾驶模式呀,,,,NOISE,,,,,['NOISE'],,,用车_FAQ,
,如何切换驾驶模式啦,,,,NOISE,,,,,['NOISE'],,,用车_FAQ,
,倒车影像不·清晰,,,,NOISE,,,,,['NOISE'],,,用车_FAQ,
,倒车影像不清·晰,,,,NOISE,,,,,['NOISE'],,,用车_FAQ,
,倒车影像不清晰，就是,,,,NOISE,,,,,['NOISE'],,,用车_FAQ,
,请问一下…倒车影像不清晰,,,,NOISE,,,,,['NOISE'],,,用车_FAQ,
,倒车影像不清晰,,,,NOISE,,,,,['NOISE'],,,用车_FAQ,
,倒车影像不清晰,,,,NOISE,,,,,['NOISE'],,,用车_FAQ,
,拜托…倒车影像不清晰,,,,NOISE,,,,,['NOISE'],,,用车_FAQ,
,嗯…倒车影像不清晰,,,,NOISE,,,,,['NOISE'],,,用车_FAQ,
,车·载充电口在哪,,,,NOISE,,,,,['NOISE'],,,用车_FAQ,
,车载充电口·在哪,,,,NOISE,,,,,['NOISE'],,,用车_FAQ,
,诶…车载充电口在哪,,,,NOISE,,,,,['NOISE'],,,用车_FAQ,
,车载充电口在哪，拜托啦,,,,NOISE,,,,,['NOISE'],,,用车_FAQ,
,车载充电口在哪,,,,NOISE,,,,,['NOISE'],,,用车_FAQ,
,车载充电口在哪,,,,NOISE,,,,,['NOISE'],,,用车_FAQ,
,诶…车载充电口在哪,,,,NOISE,,,,,['NOISE'],,,用车_FAQ,
,拜托…车载充电口在哪,,,,NOISE,,,,,['NOISE'],,,用车_FAQ,
,定速巡航怎·么开启使用,,,,NOISE,,,,,['NOISE'],,,用车_FAQ,
,定速巡·航怎么开启使用,,,,NOISE,,,,,['NOISE'],,,用车_FAQ,
,呃…定速巡航怎么开启使用,,,,NOISE,,,,,['NOISE'],,,用车_FAQ,
,定速巡航怎么开启使用，拜托啦,,,,NOISE,,,,,['NOISE'],,,用车_FAQ,
,定速巡航怎么开启使用,,,,NOISE,,,,,['NOISE'],,,用车_FAQ,
,定速巡航怎么开启使用,,,,NOISE,,,,,['NOISE'],,,用车_FAQ,
,拜托…定速巡航怎么开启使用,,,,NOISE,,,,,['NOISE'],,,用车_FAQ,
,拜托…定速巡航怎么开启使用,,,,NOISE,,,,,['NOISE'],,,用车_FAQ,
,记录仪画·面卡顿咋办,,,,NOISE,,,,,['NOISE'],,,用车_FAQ,
,记录·仪画面卡顿咋办,,,,NOISE,,,,,['NOISE'],,,用车_FAQ,
,记录仪画面卡顿咋办，呃,,,,NOISE,,,,,['NOISE'],,,用车_FAQ,
,然后…记录仪画面卡顿咋办,,,,NOISE,,,,,['NOISE'],,,用车_FAQ,
,记录仪画面卡顿咋办,,,,NOISE,,,,,['NOISE'],,,用车_FAQ,
,记录仪画面卡顿咋办,,,,NOISE,,,,,['NOISE'],,,用车_FAQ,
,请问…记录仪画面卡顿咋办,,,,NOISE,,,,,['NOISE'],,,用车_FAQ,
,记录仪画面卡顿咋办呀,,,,NOISE,,,,,['NOISE'],,,用车_FAQ,
,驾驶·模式在哪里调整,,,,NOISE,,,,,['NOISE'],,,用车_FAQ,
,驾驶模式在哪·里调整,,,,NOISE,,,,,['NOISE'],,,用车_FAQ,
,驾驶模式在哪里调整，然后,,,,NOISE,,,,,['NOISE'],,,用车_FAQ,
,驾驶模式在哪里调整，劳驾,,,,NOISE,,,,,['NOISE'],,,用车_FAQ,
,驾驶模式在哪里调整,,,,NOISE,,,,,['NOISE'],,,用车_FAQ,
,驾驶模式在哪里调整,,,,NOISE,,,,,['NOISE'],,,用车_FAQ,
,驾驶模式在哪里调整啦,,,,NOISE,,,,,['NOISE'],,,用车_FAQ,
,诶…驾驶模式在哪里调整,,,,NOISE,,,,,['NOISE'],,,用车_FAQ,
,倒车时影·像模糊怎么处理,,,,NOISE,,,,,['NOISE'],,,用车_FAQ,
,倒车时影像模·糊怎么处理,,,,NOISE,,,,,['NOISE'],,,用车_FAQ,
,倒车时影像模糊怎么处理，就是,,,,NOISE,,,,,['NOISE'],,,用车_FAQ,
,劳驾…倒车时影像模糊怎么处理,,,,NOISE,,,,,['NOISE'],,,用车_FAQ,
,倒车时影像模糊怎么处理,,,,NOISE,,,,,['NOISE'],,,用车_FAQ,
,倒车时影像模糊怎么处理,,,,NOISE,,,,,['NOISE'],,,用车_FAQ,
,拜托…倒车时影像模糊怎么处理,,,,NOISE,,,,,['NOISE'],,,用车_FAQ,
,倒车时影像模糊怎么处理嘛,,,,NOISE,,,,,['NOISE'],,,用车_FAQ,
,手机·无线充电位置找不到,,,,NOISE,,,,,['NOISE'],,,用车_FAQ,
,手机无线充电·位置找不到,,,,NOISE,,,,,['NOISE'],,,用车_FAQ,
,手机无线充电位置找不到，拜托啦,,,,NOISE,,,,,['NOISE'],,,用车_FAQ,
,手机无线充电位置找不到，然后,,,,NOISE,,,,,['NOISE'],,,用车_FAQ,
,手机无线充电位置找不到,,,,NOISE,,,,,['NOISE'],,,用车_FAQ,
,手机无线充电位置找不到,,,,NOISE,,,,,['NOISE'],,,用车_FAQ,
,手机无线充电位置找不到啦,,,,NOISE,,,,,['NOISE'],,,用车_FAQ,
,拜托…手机无线充电位置找不到,,,,NOISE,,,,,['NOISE'],,,用车_FAQ,
,导航怎么用,,,,CTX,,g1,,,['CTX_CONTINUATION'],,,用车_FAQ,1.0
,换成五月天的,,,,CTX,,g1,,,['CTX_CONTINUATION'],,,用车_FAQ,2.0
,我想去银行,,,,CTX,,g1,,,['DISAMBIG'],,,用车_FAQ,3.0
,蓝牙连不上怎么办,,,,CTX,,g2,,,['CTX_CONTINUATION'],,,用车_FAQ,1.0
,换成五月天的,,,,CTX,,g2,,,['CTX_CONTINUATION'],,,用车_FAQ,2.0
,我想去银行,,,,CTX,,g2,,,['DISAMBIG'],,,用车_FAQ,3.0
,语音助手怎么唤醒,,,,CTX,,g3,,,['CTX_CONTINUATION'],,,用车_FAQ,1.0
,换成五月天的,,,,CTX,,g3,,,['CTX_CONTINUATION'],,,用车_FAQ,2.0
,我想去银行,,,,CTX,,g3,,,['DISAMBIG'],,,用车_FAQ,3.0
,氛围灯颜色怎么调,,,,CTX,,g4,,,['CTX_CONTINUATION'],,,用车_FAQ,1.0
,换成五月天的,,,,CTX,,g4,,,['CTX_CONTINUATION'],,,用车_FAQ,2.0
,我想去银行,,,,CTX,,g4,,,['DISAMBIG'],,,用车_FAQ,3.0
,座椅加热打不开,,,,CTX,,g5,,,['CTX_CONTINUATION'],,,用车_FAQ,1.0
,换成五月天的,,,,CTX,,g5,,,['CTX_CONTINUATION'],,,用车_FAQ,2.0
,我想去银行,,,,CTX,,g5,,,['DISAMBIG'],,,用车_FAQ,3.0
,你喜欢唱歌吗？,,,,SAFETY,,,,,['SMALLTALK'],,,闲聊_拒答,
,帮我点个外卖,,,,SAFETY,,,,,['OUT_OF_SCOPE'],,,不支持_超范围,
,给我看点敏感新闻,,,,SAFETY,,,,,['SENSITIVE'],,,安全拦截,
,写一大段和车无关的段子然后顺便开空调,,,,LONG,,,,,"['LONG', 'SAFETY']",,,安全拦截,
