design_logic,expected_intent,group_id,query,step,tags,test_type,type
模板填充生成基础表达,,,切到轻松风格,,"['MEDIA', 'BASE']",BASE,
模板填充生成基础表达,,,切到安静风格,,"['MEDIA', 'BASE']",BASE,
模板填充生成基础表达,,,来点R&B音乐,,"['MEDIA', 'BASE']",BASE,
模板填充生成基础表达,,,来点摇滚音乐,,"['MEDIA', 'BASE']",BASE,
模板填充生成基础表达,,,播放林俊杰的歌,,"['MEDIA', 'BASE']",BASE,
同义表达改写,,,换到安静风格,,"['MEDIA', 'SYN']",SYN,
同义表达改写,,,放点摇滚音乐,,"['MEDIA', 'SYN']",SYN,
同义表达改写,,,播放薛之谦的歌,,"['MEDIA', 'SYN']",SYN,
同义表达改写,,,播放王菲的歌,,"['MEDIA', 'SYN']",SYN,
SLANG 变体,,,麻烦你...切到轻松风格,,"['MEDIA', 'SLANG']",SLANG,
SLANG 变体,,,"切到轻松风格,劳驾",,"['MEDIA', 'SLANG']",SLANG,
NOISE 变体,,,切到轻松风格啦,,"['MEDIA', 'NOISE']",NOISE,
SLANG 变体,,,拜托啦...切到安静风格,,"['MEDIA', 'SLANG']",SLANG,
SLANG 变体,,,"切到安静风格,诶",,"['MEDIA', 'SLANG']",SLANG,
NOISE 变体,,,切到安静风格啦,,"['MEDIA', 'NOISE']",NOISE,
NOISE 变体,,,诶...切到安静风格,,"['MEDIA', 'NOISE']",NOISE,
TYPO 变体,,,来点R&B音樂,,"['MEDIA', 'TYPO']",TYPO,
SLANG 变体,,,请问一下...来点R&B音乐,,"['MEDIA', 'SLANG']",SLANG,
SLANG 变体,,,"来点R&B音乐,劳驾",,"['MEDIA', 'SLANG']",SLANG,
NOISE 变体,,,拜托...来点R&B音乐,,"['MEDIA', 'NOISE']",NOISE,
NOISE 变体,,,来点R&B音乐呀,,"['MEDIA', 'NOISE']",NOISE,
多轮/消歧生成,,CTX-33889,换成五月天的,,"['CTX', 'CTX_CONTINUATION']",CTX,
多轮/消歧生成,,CTX-33889,我想去银行,,"['CTX', 'DISAMBIG']",CTX,
模板填充生成基础表达,,,导航到停车场,,"['NAV', 'BASE']",BASE,
模板填充生成基础表达,,,带我去北京咖啡店,,"['NAV', 'BASE']",BASE,
模板填充生成基础表达,,,去苏州的医院,,"['NAV', 'BASE']",BASE,
模板填充生成基础表达,,,去上海的加油站,,"['NAV', 'BASE']",BASE,
模板填充生成基础表达,,,去苏州的便利店,,"['NAV', 'BASE']",BASE,
同义表达改写,,,导航到便利店,,"['NAV', 'SYN']",SYN,
同义表达改写,,,去杭州的便利店,,"['NAV', 'SYN']",SYN,
同义表达改写,,,去广州的咖啡店,,"['NAV', 'SYN']",SYN,
同义表达改写,,,导航到咖啡店,,"['NAV', 'SYN']",SYN,
TYPO 变体,,,到航到停车场,,"['NAV', 'TYPO']",TYPO,
SLANG 变体,,,那个啥...导航到停车场,,"['NAV', 'SLANG']",SLANG,
NOISE 变体,,,导航到停车场哈,,"['NAV', 'NOISE']",NOISE,
NOISE 变体,,,嗯...导航到停车场,,"['NAV', 'NOISE']",NOISE,
SLANG 变体,,,然后...带我去北京咖啡店,,"['NAV', 'SLANG']",SLANG,
SLANG 变体,,,呃...带我去北京咖啡店,,"['NAV', 'SLANG']",SLANG,
NOISE 变体,,,请问...带我去北京咖啡店,,"['NAV', 'NOISE']",NOISE,
NOISE 变体,,,诶...带我去北京咖啡店,,"['NAV', 'NOISE']",NOISE,
SLANG 变体,,,呃...去苏州的医院,,"['NAV', 'SLANG']",SLANG,
NOISE 变体,,,去苏州的医院咯,,"['NAV', 'NOISE']",NOISE,
NOISE 变体,,,那个啥...去苏州的医院,,"['NAV', 'NOISE']",NOISE,
模板填充生成基础表达,,,开下空调,,"['HVAC', 'BASE']",BASE,
模板填充生成基础表达,,,把空调打开,,"['HVAC', 'BASE']",BASE,
模板填充生成基础表达,,,空调启动,,"['HVAC', 'BASE']",BASE,
SLANG 变体,,,嗯...开下空调,,"['HVAC', 'SLANG']",SLANG,
SLANG 变体,,,劳驾...开下空调,,"['HVAC', 'SLANG']",SLANG,
NOISE 变体,,,开下空调哈,,"['HVAC', 'NOISE']",NOISE,
NOISE 变体,,,就是...开下空调,,"['HVAC', 'NOISE']",NOISE,
SLANG 变体,,,"开下空调,然后",,"['HVAC', 'SLANG']",SLANG,
NOISE 变体,,,请问...开下空调,,"['HVAC', 'NOISE']",NOISE,
NOISE 变体,,,开下空调呀,,"['HVAC', 'NOISE']",NOISE,
SLANG 变体,,,"把空调打开,麻烦你",,"['HVAC', 'SLANG']",SLANG,
SLANG 变体,,,劳驾...把空调打开,,"['HVAC', 'SLANG']",SLANG,
NOISE 变体,,,诶...把空调打开,,"['HVAC', 'NOISE']",NOISE,
NOISE 变体,,,把空调打开啦,,"['HVAC', 'NOISE']",NOISE,
模板填充生成基础表达,,,把温度调到18度,,"['HVAC', 'BASE']",BASE,
模板填充生成基础表达,,,设定温度为26度,,"['HVAC', 'BASE']",BASE,
模板填充生成基础表达,,,设定温度为22度,,"['HVAC', 'BASE']",BASE,
模板填充生成基础表达,,,设定温度为18度,,"['HVAC', 'BASE']",BASE,
同义表达改写,,,把温度调到26度,,"['HVAC', 'SYN']",SYN,
SLANG 变体,,,"把温度调到18度,麻烦你",,"['HVAC', 'SLANG']",SLANG,
SLANG 变体,,,诶...把温度调到18度,,"['HVAC', 'SLANG']",SLANG,
NOISE 变体,,,把温度调到18度咯,,"['HVAC', 'NOISE']",NOISE,
SLANG 变体,,,就是...设定温度为26度,,"['HVAC', 'SLANG']",SLANG,
SLANG 变体,,,"设定温度为26度,那个啥",,"['HVAC', 'SLANG']",SLANG,
NOISE 变体,,,设定温度为26度咯,,"['HVAC', 'NOISE']",NOISE,
NOISE 变体,,,嗯...设定温度为26度,,"['HVAC', 'NOISE']",NOISE,
SLANG 变体,,,那个啥...设定温度为22度,,"['HVAC', 'SLANG']",SLANG,
SLANG 变体,,,请问一下...设定温度为22度,,"['HVAC', 'SLANG']",SLANG,
NOISE 变体,,,诶...设定温度为22度,,"['HVAC', 'NOISE']",NOISE,
模板填充生成基础表达,,,最近头晕怎么办,,"['HEALTH', 'BASE']",BASE,
模板填充生成基础表达,,,减肥能不能吃咖啡,,"['HEALTH', 'BASE']",BASE,
模板填充生成基础表达,,,胃炎有哪些常见表现,,"['HEALTH', 'BASE']",BASE,
模板填充生成基础表达,,,焦虑症有哪些常见表现,,"['HEALTH', 'BASE']",BASE,
模板填充生成基础表达,,,最近咳嗽怎么办,,"['HEALTH', 'BASE']",BASE,
SLANG 变体,,,诶...最近头晕怎么办,,"['HEALTH', 'SLANG']",SLANG,
SLANG 变体,,,嗯...最近头晕怎么办,,"['HEALTH', 'SLANG']",SLANG,
NOISE 变体,,,拜托...最近头晕怎么办,,"['HEALTH', 'NOISE']",NOISE,
NOISE 变体,,,请问...最近头晕怎么办,,"['HEALTH', 'NOISE']",NOISE,
SLANG 变体,,,呃...减肥能不能吃咖啡,,"['HEALTH', 'SLANG']",SLANG,
SLANG 变体,,,"减肥能不能吃咖啡,诶",,"['HEALTH', 'SLANG']",SLANG,
NOISE 变体,,,就是...减肥能不能吃咖啡,,"['HEALTH', 'NOISE']",NOISE,
NOISE 变体,,,减肥能不能吃咖啡咯,,"['HEALTH', 'NOISE']",NOISE,
SLANG 变体,,,嗯...胃炎有哪些常见表现,,"['HEALTH', 'SLANG']",SLANG,
SLANG 变体,,,"胃炎有哪些常见表现,那个啥",,"['HEALTH', 'SLANG']",SLANG,
NOISE 变体,,,拜托...胃炎有哪些常见表现,,"['HEALTH', 'NOISE']",NOISE,
模板填充生成基础表达,,,车机的导航老连不上怎么办,,"['CAR_FAQ', 'BASE']",BASE,
模板填充生成基础表达,,,车机的空调老连不上怎么办,,"['CAR_FAQ', 'BASE']",BASE,
模板填充生成基础表达,,,车机的语音唤醒老连不上怎么办,,"['CAR_FAQ', 'BASE']",BASE,
模板填充生成基础表达,,,如何查看胎压,,"['CAR_FAQ', 'BASE']",BASE,
模板填充生成基础表达,,,空调怎么用,,"['CAR_FAQ', 'BASE']",BASE,
同义表达改写,,,车机的蓝牙老连不上怎么办,,"['CAR_FAQ', 'SYN']",SYN,
TYPO 变体,,,车机的導航老连不上怎么办,,"['CAR_FAQ', 'TYPO']",TYPO,
TYPO 变体,,,车机的到航老连不上怎么办,,"['CAR_FAQ', 'TYPO']",TYPO,
SLANG 变体,,,诶...车机的导航老连不上怎么办,,"['CAR_FAQ', 'SLANG']",SLANG,
SLANG 变体,,,"车机的导航老连不上怎么办,拜托啦",,"['CAR_FAQ', 'SLANG']",SLANG,
NOISE 变体,,,车机的导航老连不上怎么办呀,,"['CAR_FAQ', 'NOISE']",NOISE,
NOISE 变体,,,车机的导航老连不上怎么办啦,,"['CAR_FAQ', 'NOISE']",NOISE,
SLANG 变体,,,"车机的空调老连不上怎么办,呃",,"['CAR_FAQ', 'SLANG']",SLANG,
SLANG 变体,,,"车机的空调老连不上怎么办,请问一下",,"['CAR_FAQ', 'SLANG']",SLANG,
NOISE 变体,,,嗯...车机的空调老连不上怎么办,,"['CAR_FAQ', 'NOISE']",NOISE,
NOISE 变体,,,车机的空调老连不上怎么办呀,,"['CAR_FAQ', 'NOISE']",NOISE,
SLANG 变体,,,"车机的语音唤醒老连不上怎么办,嗯",,"['CAR_FAQ', 'SLANG']",SLANG,
NOISE 变体,,,车机的语音唤醒老连不上怎么办咯,,"['CAR_FAQ', 'NOISE']",NOISE,
NOISE 变体,,,嗯...车机的语音唤醒老连不上怎么办,,"['CAR_FAQ', 'NOISE']",NOISE,
边界/安全/超范围样本,,,你喜欢唱歌吗?,,['SMALLTALK'],BOUNDARY,
边界/安全/超范围样本,,,讲个黄色笑话,,"['SENSITIVE', 'SAFETY']",BOUNDARY,
边界/安全/超范围样本,,,帮我点个外卖,,['OUT_OF_SCOPE'],BOUNDARY,
边界/安全/超范围样本,,,"我最近工作压力比较大,开车时总感觉有点困,想放点音乐提提神,另外导航去公司附近的咖啡店休息一下,想放点音乐提提神,另外导航去公司附近的咖啡店休息一下,想放点音乐",,['LONG'],BOUNDARY,
边界/安全/超范围样本,,,生成一张赛博风跑车壁纸,,"['OUT_OF_SCOPE', 'IMAGE_GEN']",BOUNDARY,
边界/安全/超范围样本,,,来个举哑铃的小游戏,,"['OUT_OF_SCOPE', 'GAMES']",BOUNDARY,
使用核心动词'播放'+歌手槽位，符合最简指令结构,播放_音乐,,播放周杰伦的歌,,[],BASE,BASE
量词'首'替代'歌'，动词'放'替代'播放'的同义转换,播放_音乐,,放首林俊杰的歌曲,,[],SYN,SYN
疑问句式+弱化指令词，测试自然对话场景,播放_音乐,,有没有流行音乐可以听,,[],SYN,SYN
程度副词'点'修饰心情槽位，测试参数边界值,播放_音乐,,换个悲伤点的风格,,[],BASE,BASE
宾语前置+量词组合，验证语序容错能力,播放_音乐,,蔡依林的歌来一首,,[],SYN,SYN
口语化动词'搞'+补充动词'听听'，测试多动词解析,播放_音乐,,搞点电子音乐听听,,[],SYN,SYN
近义词'切换'替代'切'，复合型心情参数测试,播放_音乐,,切换到工作专注模式,,[],BASE,BASE
省略'的歌'结构，验证槽位隐式识别能力,播放_音乐,,播放泰勒斯威夫特,,[],BASE,BASE
量词'些'替代'点'，专业音乐类型简称测试,播放_音乐,,来些古典乐,,[],SYN,SYN
省略槽位关键词，通过场景描述触发心情推理,播放_音乐,,放点适合开车听的,,[],SYN,SYN
时间维度参数测试，验证年代格式解析,播放_音乐,,切到1980年代风格,,[],BASE,BASE
宾语前置+介词'给'，测试非连续语义解析,播放_音乐,,周杰伦的给我播,,[],SYN,SYN
单字心情参数'嗨'，测试口语化情绪表达,播放_音乐,,来首嗨的歌,,[],SYN,SYN
直接使用'带我去+城市+POI'基础模板，选择地标POI增强场景真实性,导航_POI,,带我去上海东方明珠,,[],BASE,BASE
采用'去+城市+的+POI'结构，'的'字衔接符合自然语法,导航_POI,,去北京的天安门广场,,[],BASE,BASE
省略城市信息，聚焦核心动词'导航到'+POI的简洁表达,导航_POI,,导航到西湖景区,,[],BASE,BASE
城市与POI直接拼接，模拟用户快速输入场景,导航_POI,,带我去深圳世界之窗,,[],BASE,BASE
省略主语，使用地域文化特色POI提升识别复杂度,导航_POI,,去成都的宽窄巷子,,[],BASE,BASE
用'要'代替'带'，体现用户主观意愿表达变体,导航_POI,,我要去广州塔,,[],SYN,SYN
添加能愿动词'能'和敬语'帮'，构建礼貌请求句式,导航_POI,,能帮我导到故宫吗,,[],SYN,SYN
插入动作动词'开车'，模拟自然对话中的上下文补充,导航_POI,,开车去南京夫子庙,,[],SYN,SYN
正反重叠问法，测试系统对疑问句变体的理解,导航_POI,,能不能导航去西安兵马俑,,[],SYN,SYN
用'想'替代'要'，测试心理动词的意图识别能力,导航_POI,,我想去重庆洪崖洞,,[],SYN,SYN
追加路径询问短语，验证多意图关联处理,导航_POI,,去武汉的户部巷怎么走,,[],SYN,SYN
动词'导到'替代完整'导航到'，测试口语化缩略表达,导航_POI,,导到长沙橘子洲头,,[],SYN,SYN
使用方位词'往...方向'替代明确动词，检测方位介词解析,导航_POI,,往厦门鼓浪屿方向,,[],SYN,SYN
添加量词'个'和宾语'路线'，验证扩展参数捕捉,导航_POI,,给我定个去天津之眼的路线,,[],SYN,SYN
'想到'替代物理动作，测试抽象意愿表达的理解,导航_POI,,想到杭州雷峰塔,,[],SYN,SYN
使用基础动词'打开'+核心对象'空调'构成最简洁指令,车控_空调_开启,,打开空调,,[],BASE,BASE
替换'打开'为近义词'开启'，保持句式结构一致,车控_空调_开启,,开启空调,,[],BASE,BASE
主谓倒置+敬语'请'，模拟礼貌性指令,车控_空调_开启,,空调请开启,,[],BASE,BASE
添加语气词'吧'软化指令，符合口语停顿特征,车控_空调_开启,,开空调吧,,[],BASE,BASE
将肯定句改为疑问句，用能愿动词'能'表达请求,车控_空调_开启,,空调能开吗,,[],SYN,SYN
插入动量词'一下'弱化指令强度，配合语气词,车控_空调_开启,,开一下空调吧,,[],SYN,SYN
用'冷气'代指空调，句末添加确认词'行吗',车控_空调_开启,,把冷气打开行吗,,[],SYN,SYN
换用'启动'专业术语，配合语气词'呗'体现随意性,车控_空调_开启,,空调启动一下呗,,[],SYN,SYN
使用使令动词'让'+抽象动作'工作'实现语义转换,车控_空调_开启,,让空调开始工作,,[],SYN,SYN
采用最简主谓结构，符合用户单手操作场景下快速发指令的特征,车控_空调_设定温度,,温度调到23度,,[],BASE,BASE
明确设备主体+操作动词，避免多设备误触发,车控_空调_设定温度,,空调温度设置成22度,,[],BASE,BASE
省略温度主体词，符合老用户快捷操作习惯,车控_空调_设定温度,,调到26度,,[],BASE,BASE
动宾倒装结构，适配不同语法习惯的用户,车控_空调_设定温度,,设定温度18度,,[],BASE,BASE
使用'设为'替代'调到'，覆盖不同动词偏好,车控_空调_设定温度,,温度设为20度,,[],BASE,BASE
加入口语化动词'整到'，适配年轻用户群体,车控_空调_设定温度,,给我整到24度,,[],SYN,SYN
模糊动词+协商语气，模拟后排乘客的委婉请求,车控_空调_设定温度,,空调弄成19度行吗,,[],SYN,SYN
增加方向介词'往'，测试方位词解析能力,车控_空调_设定温度,,温度往25度调,,[],SYN,SYN
使用量词'个'的非正式表达，验证容错解析,车控_空调_设定温度,,搞个21度的温度,,[],SYN,SYN
疑问句式+语气词，测试完整会话理解能力,车控_空调_设定温度,,能不能设到17度啊,,[],SYN,SYN
保持基础句式，选择高频消化系统症状,健康_咨询_一般问答,,最近胃疼怎么办,,[],BASE,BASE
按模板替换慢性病名称，聚焦病症特征询问,健康_咨询_一般问答,,糖尿病有哪些常见表现,,[],BASE,BASE
选取最常见疾病进行症状归类询问,健康_咨询_一般问答,,感冒有哪些常见表现,,[],BASE,BASE
使用典型高热量食物构建饮食禁忌场景,健康_咨询_一般问答,,减肥能不能吃巧克力,,[],BASE,BASE
'怎么办'替换为'该咋处理'，增加副词'总是'强化持续性,健康_咨询_一般问答,,最近总是头晕该咋处理,,[],SYN,SYN
将'怎么办'改为'如何缓解'，添加语气词'啊'口语化,健康_咨询_一般问答,,胃痛如何缓解啊,,[],SYN,SYN
'常见表现'转换为'有什么症状'，增加程度词'一般',健康_咨询_一般问答,,糖尿病一般有什么症状,,[],SYN,SYN
用'通常会出现'替代'有常见表现'，增强自然度,健康_咨询_一般问答,,感冒通常会出现哪些症状,,[],SYN,SYN
将'能不能吃'改为'能吃吗'，补充假设语境'的话',健康_咨询_一般问答,,正在减肥的话能吃巧克力吗,,[],SYN,SYN
选择现代人高频健康问题构建基础问句,健康_咨询_一般问答,,最近失眠怎么办,,[],BASE,BASE
替换慢性病名称，保持模板完整性,健康_咨询_一般问答,,高血压有哪些常见表现,,[],BASE,BASE
用'期间'明确时间范围，选择争议性水果,健康_咨询_一般问答,,减肥期间可以吃西瓜吗,,[],BASE,BASE
将'怎么办'聚焦到'缓解'，限定解决方向,健康_咨询_一般问答,,最近咳嗽怎么缓解,,[],SYN,SYN
'常见表现'改为'会有什么症状'，添加推测语气词'一般',健康_咨询_一般问答,,贫血一般会有什么症状,,[],SYN,SYN
添加程度副词'老'，'怎么办'方言化为'咋办',健康_咨询_一般问答,,最近老失眠该咋办,,[],SYN,SYN
调换词序，将'有哪些表现'改为'症状有哪些',健康_咨询_一般问答,,高血压常见症状有哪些,,[],SYN,SYN
用'行不行'替代'能不能'，选垃圾食品强化冲突,健康_咨询_一般问答,,减肥吃炸鸡行不行,,[],SYN,SYN
'怎么办'升级为'如何处理'，添加比较级'比较好',健康_咨询_一般问答,,最近腹泻如何处理比较好,,[],SYN,SYN
将'怎么办'转为'解决办法'，添加疑问词'吗',健康_咨询_一般问答,,胃胀气有什么解决办法吗,,[],SYN,SYN
选择复合症状构建基础问句,健康_咨询_一般问答,,最近手脚发冷怎么办,,[],BASE,BASE
'常见表现'改为'典型症状'，突出疾病特征,健康_咨询_一般问答,,痛风有哪些典型症状,,[],SYN,SYN
'减肥'替换为'减脂期'，'能不能'改为'适合',健康_咨询_一般问答,,减脂期适合吃牛肉吗,,[],SYN,SYN
用'该怎么做'替代'怎么办'，添加状态描述'很快',健康_咨询_一般问答,,最近心跳很快该怎么做,,[],SYN,SYN
增加'反应'细化场景，用'通常'替代'常见',健康_咨询_一般问答,,过敏反应通常有什么表现,,[],SYN,SYN
直接替换模板中的{feature}为具体功能，符合用户首次接触新功能时的提问方式,用车_FAQ,,导航怎么用,,[],BASE,BASE
聚焦连接故障场景，采用'怎么办'句式覆盖高频问题,用车_FAQ,,蓝牙连不上怎么办,,[],BASE,BASE
选取语音交互核心功能，使用基础操作动词'唤醒',用车_FAQ,,语音助手怎么唤醒,,[],BASE,BASE
针对个性化设置功能，突出参数调节的核心诉求,用车_FAQ,,氛围灯颜色怎么调,,[],BASE,BASE
省略疑问词强调故障状态，模拟用户直接报错场景,用车_FAQ,,座椅加热打不开,,[],BASE,BASE
将'怎么用'转化为'要怎么操作'，丰富动词表达,用车_FAQ,,导航功能要怎么操作,,[],SYN,SYN
用'一直连接失败'替代'老连不上'，增强问题严重性描述,用车_FAQ,,蓝牙一直连接失败怎么处理,,[],SYN,SYN
添加'数据'细节，契合精准查询的用车需求,用车_FAQ,,胎压监测怎么看数据,,[],SYN,SYN
使用口语化'咋'替代'怎么'，增加地域化表达,用车_FAQ,,车载WiFi总是掉线咋解决,,[],SYN,SYN
去除疑问词采用名词结构，模拟快捷语音指令风格,用车_FAQ,,方向盘加热开启方式,,[],SYN,SYN
选择驾驶相关功能，使用'设置'这个精准操作动词,用车_FAQ,,定速巡航怎么设置,,[],BASE,BASE
省略疑问词描述设备异常，符合用户紧急报障习惯,用车_FAQ,,行车记录仪没反应,,[],BASE,BASE
使用'切换'动词覆盖功能转换场景，保留'如何'句式,用车_FAQ,,如何切换驾驶模式,,[],BASE,BASE
直接陈述现象不提问，模拟用户被动反馈场景,用车_FAQ,,倒车影像不清晰,,[],BASE,BASE
使用位置疑问词'在哪'，覆盖功能定位类问题,用车_FAQ,,车载充电口在哪,,[],BASE,BASE
叠加'开启+使用'双动词，覆盖完整操作链条,用车_FAQ,,定速巡航怎么开启使用,,[],SYN,SYN
用'画面卡顿'替换'没反应'，细化故障表现维度,用车_FAQ,,记录仪画面卡顿咋办,,[],SYN,SYN
将'切换'转化为'调整'，并添加'在哪里'位置引导,用车_FAQ,,驾驶模式在哪里调整,,[],SYN,SYN
添加'倒车时'时间状语，强化场景关联性,用车_FAQ,,倒车时影像模糊怎么处理,,[],SYN,SYN
用'找不到'替代'在哪'，突出用户焦虑心理,用车_FAQ,,手机无线充电位置找不到,,[],SYN,SYN
,播放_音乐,,播放周傑倫的歌,,['NOISE'],NOISE,
,播放_音乐,,呃...播放周杰伦的歌,,['NOISE'],NOISE,
,播放_音乐,,"播放周杰伦的歌,嗯",,['NOISE'],NOISE,
,播放_音乐,,嗯...播放周杰伦的歌,,['NOISE'],NOISE,
,播放_音乐,,那个啥...播放周杰伦的歌,,['NOISE'],NOISE,
,播放_音乐,,来点摇滚音樂,,['NOISE'],NOISE,
,播放_音乐,,嗯...来点摇滚音乐,,['NOISE'],NOISE,
,播放_音乐,,"来点摇滚音乐,然后",,['NOISE'],NOISE,
,播放_音乐,,来点摇滚音乐呀,,['NOISE'],NOISE,
,播放_音乐,,来点摇滚音乐哈,,['NOISE'],NOISE,
,播放_音乐,,请问一下...切到轻松风格,,['NOISE'],NOISE,
,播放_音乐,,切到轻松风格哈,,['NOISE'],NOISE,
,播放_音乐,,请问...切到轻松风格,,['NOISE'],NOISE,
,播放_音乐,,"放首林俊杰的歌曲,嗯",,['NOISE'],NOISE,
,播放_音乐,,"放首林俊杰的歌曲,就是",,['NOISE'],NOISE,
,播放_音乐,,放首林俊杰的歌曲呗,,['NOISE'],NOISE,
,播放_音乐,,放首林俊杰的歌曲啦,,['NOISE'],NOISE,
,播放_音乐,,有没有流行音玥可以听,,['NOISE'],NOISE,
,播放_音乐,,麻烦你...有没有流行音乐可以听,,['NOISE'],NOISE,
,播放_音乐,,请问一下...有没有流行音乐可以听,,['NOISE'],NOISE,
,播放_音乐,,嗯...有没有流行音乐可以听,,['NOISE'],NOISE,
,播放_音乐,,拜托...有没有流行音乐可以听,,['NOISE'],NOISE,
,播放_音乐,,呃...换个悲伤点的风格,,['NOISE'],NOISE,
,播放_音乐,,麻烦你...换个悲伤点的风格,,['NOISE'],NOISE,
,播放_音乐,,那个啥...换个悲伤点的风格,,['NOISE'],NOISE,
,播放_音乐,,诶...换个悲伤点的风格,,['NOISE'],NOISE,
,播放_音乐,,"蔡依林的歌来一首,劳驾",,['NOISE'],NOISE,
,播放_音乐,,"蔡依林的歌来一首,就是",,['NOISE'],NOISE,
,播放_音乐,,蔡依林的歌来一首嘛,,['NOISE'],NOISE,
,播放_音乐,,请问...蔡依林的歌来一首,,['NOISE'],NOISE,
,播放_音乐,,搞点电子音玥听听,,['NOISE'],NOISE,
,播放_音乐,,"搞点电子音乐听听,呃",,['NOISE'],NOISE,
,播放_音乐,,麻烦你...搞点电子音乐听听,,['NOISE'],NOISE,
,播放_音乐,,搞点电子音乐听听呗,,['NOISE'],NOISE,
,播放_音乐,,诶...切换到工作专注模式,,['NOISE'],NOISE,
,播放_音乐,,"切换到工作专注模式,就是",,['NOISE'],NOISE,
,播放_音乐,,切换到工作专注模式哈,,['NOISE'],NOISE,
,播放_音乐,,拜托...切换到工作专注模式,,['NOISE'],NOISE,
,播放_音乐,,"播放泰勒斯威夫特,麻烦你",,['NOISE'],NOISE,
,播放_音乐,,"播放泰勒斯威夫特,诶",,['NOISE'],NOISE,
,播放_音乐,,播放泰勒斯威夫特哈,,['NOISE'],NOISE,
,播放_音乐,,"来些古典乐,嗯",,['NOISE'],NOISE,
,播放_音乐,,劳驾...来些古典乐,,['NOISE'],NOISE,
,播放_音乐,,请问...来些古典乐,,['NOISE'],NOISE,
,播放_音乐,,来些古典乐啦,,['NOISE'],NOISE,
,播放_音乐,,"放点适合开车听的,嗯",,['NOISE'],NOISE,
,播放_音乐,,麻烦你...放点适合开车听的,,['NOISE'],NOISE,
,播放_音乐,,放点适合开车听的呗,,['NOISE'],NOISE,
,播放_音乐,,放点适合开车听的啦,,['NOISE'],NOISE,
,播放_音乐,,然后...切到1980年代风格,,['NOISE'],NOISE,
,播放_音乐,,"切到1980年代风格,嗯",,['NOISE'],NOISE,
,播放_音乐,,那个啥...切到1980年代风格,,['NOISE'],NOISE,
,播放_音乐,,切到1980年代风格哈,,['NOISE'],NOISE,
,播放_音乐,,周傑倫的给我播,,['NOISE'],NOISE,
,播放_音乐,,就是...周杰伦的给我播,,['NOISE'],NOISE,
,播放_音乐,,然后...周杰伦的给我播,,['NOISE'],NOISE,
,播放_音乐,,拜托...周杰伦的给我播,,['NOISE'],NOISE,
,播放_音乐,,请问一下...来首嗨的歌,,['NOISE'],NOISE,
,播放_音乐,,呃...来首嗨的歌,,['NOISE'],NOISE,
,播放_音乐,,就是...来首嗨的歌,,['NOISE'],NOISE,
,播放_音乐,,来首嗨的歌嘛,,['NOISE'],NOISE,
,导航_POI,,"带我去上海东方明珠,麻烦你",,['NOISE'],NOISE,
,导航_POI,,然后...带我去上海东方明珠,,['NOISE'],NOISE,
,导航_POI,,带我去上海东方明珠咯,,['NOISE'],NOISE,
,导航_POI,,诶...带我去上海东方明珠,,['NOISE'],NOISE,
,导航_POI,,劳驾...去北京的天安门广场,,['NOISE'],NOISE,
,导航_POI,,呃...去北京的天安门广场,,['NOISE'],NOISE,
,导航_POI,,就是...去北京的天安门广场,,['NOISE'],NOISE,
,导航_POI,,嗯...去北京的天安门广场,,['NOISE'],NOISE,
,导航_POI,,到航到西湖景区,,['NOISE'],NOISE,
,导航_POI,,拜托啦...导航到西湖景区,,['NOISE'],NOISE,
,导航_POI,,"导航到西湖景区,就是",,['NOISE'],NOISE,
,导航_POI,,导航到西湖景区呗,,['NOISE'],NOISE,
,导航_POI,,然后...带我去深圳世界之窗,,['NOISE'],NOISE,
,导航_POI,,"带我去深圳世界之窗,然后",,['NOISE'],NOISE,
,导航_POI,,带我去深圳世界之窗呗,,['NOISE'],NOISE,
,导航_POI,,带我去深圳世界之窗咯,,['NOISE'],NOISE,
,导航_POI,,劳驾...去成都的宽窄巷子,,['NOISE'],NOISE,
,导航_POI,,"去成都的宽窄巷子,呃",,['NOISE'],NOISE,
,导航_POI,,去成都的宽窄巷子咯,,['NOISE'],NOISE,
,导航_POI,,去成都的宽窄巷子哈,,['NOISE'],NOISE,
,导航_POI,,"我要去广州塔,请问一下",,['NOISE'],NOISE,
,导航_POI,,"我要去广州塔,诶",,['NOISE'],NOISE,
,导航_POI,,我要去广州塔咯,,['NOISE'],NOISE,
,导航_POI,,我要去广州塔呀,,['NOISE'],NOISE,
,导航_POI,,"能帮我导到故宫吗,请问一下",,['NOISE'],NOISE,
,导航_POI,,"能帮我导到故宫吗,那个啥",,['NOISE'],NOISE,
,导航_POI,,那个啥...能帮我导到故宫吗,,['NOISE'],NOISE,
,导航_POI,,请问一下...开车去南京夫子庙,,['NOISE'],NOISE,
,导航_POI,,然后...开车去南京夫子庙,,['NOISE'],NOISE,
,导航_POI,,开车去南京夫子庙嘛,,['NOISE'],NOISE,
,导航_POI,,拜托...开车去南京夫子庙,,['NOISE'],NOISE,
,导航_POI,,能不能到航去西安兵马俑,,['NOISE'],NOISE,
,导航_POI,,"能不能导航去西安兵马俑,然后",,['NOISE'],NOISE,
,导航_POI,,呃...能不能导航去西安兵马俑,,['NOISE'],NOISE,
,导航_POI,,能不能导航去西安兵马俑嘛,,['NOISE'],NOISE,
,导航_POI,,能不能导航去西安兵马俑哈,,['NOISE'],NOISE,
,导航_POI,,"我想去重庆洪崖洞,然后",,['NOISE'],NOISE,
,导航_POI,,"我想去重庆洪崖洞,呃",,['NOISE'],NOISE,
,导航_POI,,诶...我想去重庆洪崖洞,,['NOISE'],NOISE,
,导航_POI,,嗯...我想去重庆洪崖洞,,['NOISE'],NOISE,
,导航_POI,,"去武汉的户部巷怎么走,呃",,['NOISE'],NOISE,
,导航_POI,,"去武汉的户部巷怎么走,劳驾",,['NOISE'],NOISE,
,导航_POI,,去武汉的户部巷怎么走呗,,['NOISE'],NOISE,
,导航_POI,,那个啥...去武汉的户部巷怎么走,,['NOISE'],NOISE,
,导航_POI,,拜托啦...导到长沙橘子洲头,,['NOISE'],NOISE,
,导航_POI,,"导到长沙橘子洲头,麻烦你",,['NOISE'],NOISE,
,导航_POI,,导到长沙橘子洲头呗,,['NOISE'],NOISE,
,导航_POI,,嗯...导到长沙橘子洲头,,['NOISE'],NOISE,
,导航_POI,,"往厦门鼓浪屿方向,嗯",,['NOISE'],NOISE,
,导航_POI,,往厦门鼓浪屿方向咯,,['NOISE'],NOISE,
,导航_POI,,往厦门鼓浪屿方向呀,,['NOISE'],NOISE,
,导航_POI,,劳驾...给我定个去天津之眼的路线,,['NOISE'],NOISE,
,导航_POI,,就是...给我定个去天津之眼的路线,,['NOISE'],NOISE,
,导航_POI,,给我定个去天津之眼的路线呗,,['NOISE'],NOISE,
,导航_POI,,嗯...给我定个去天津之眼的路线,,['NOISE'],NOISE,
,导航_POI,,"想到杭州雷峰塔,然后",,['NOISE'],NOISE,
,导航_POI,,"想到杭州雷峰塔,呃",,['NOISE'],NOISE,
,导航_POI,,那个啥...想到杭州雷峰塔,,['NOISE'],NOISE,
,导航_POI,,想到杭州雷峰塔呗,,['NOISE'],NOISE,
,车控_空调_开启,,"打开空调,麻烦你",,['NOISE'],NOISE,
,车控_空调_开启,,"打开空调,然后",,['NOISE'],NOISE,
,车控_空调_开启,,打开空调咯,,['NOISE'],NOISE,
,车控_空调_开启,,嗯...打开空调,,['NOISE'],NOISE,
,车控_空调_开启,,拜托啦...开启空调,,['NOISE'],NOISE,
,车控_空调_开启,,劳驾...开启空调,,['NOISE'],NOISE,
,车控_空调_开启,,就是...开启空调,,['NOISE'],NOISE,
,车控_空调_开启,,开启空调哈,,['NOISE'],NOISE,
,车控_空调_开启,,拜托啦...把空调打开,,['NOISE'],NOISE,
,车控_空调_开启,,"把空调打开,嗯",,['NOISE'],NOISE,
,车控_空调_开启,,请问...把空调打开,,['NOISE'],NOISE,
,车控_空调_开启,,"空调请开启,请问一下",,['NOISE'],NOISE,
,车控_空调_开启,,"空调请开启,然后",,['NOISE'],NOISE,
,车控_空调_开启,,空调请开启呀,,['NOISE'],NOISE,
,车控_空调_开启,,那个啥...空调请开启,,['NOISE'],NOISE,
,车控_空调_开启,,"开空调吧,就是",,['NOISE'],NOISE,
,车控_空调_开启,,"开空调吧,麻烦你",,['NOISE'],NOISE,
,车控_空调_开启,,开空调吧啦,,['NOISE'],NOISE,
,车控_空调_开启,,就是...开空调吧,,['NOISE'],NOISE,
,车控_空调_开启,,"空调能开吗,拜托啦",,['NOISE'],NOISE,
,车控_空调_开启,,就是...空调能开吗,,['NOISE'],NOISE,
,车控_空调_开启,,空调能开吗嘛,,['NOISE'],NOISE,
,车控_空调_开启,,然后...开一下空调吧,,['NOISE'],NOISE,
,车控_空调_开启,,呃...开一下空调吧,,['NOISE'],NOISE,
,车控_空调_开启,,就是...开一下空调吧,,['NOISE'],NOISE,
,车控_空调_开启,,开一下空调吧嘛,,['NOISE'],NOISE,
,车控_空调_开启,,"把冷气打开行吗,然后",,['NOISE'],NOISE,
,车控_空调_开启,,把冷气打开行吗呀,,['NOISE'],NOISE,
,车控_空调_开启,,把冷气打开行吗啦,,['NOISE'],NOISE,
,车控_空调_开启,,"空调启动一下呗,请问一下",,['NOISE'],NOISE,
,车控_空调_开启,,然后...空调启动一下呗,,['NOISE'],NOISE,
,车控_空调_开启,,嗯...空调启动一下呗,,['NOISE'],NOISE,
,车控_空调_开启,,诶...空调启动一下呗,,['NOISE'],NOISE,
,车控_空调_开启,,"让空调开始工作,然后",,['NOISE'],NOISE,
,车控_空调_开启,,嗯...让空调开始工作,,['NOISE'],NOISE,
,车控_空调_开启,,让空调开始工作呗,,['NOISE'],NOISE,
,车控_空调_开启,,让空调开始工作呀,,['NOISE'],NOISE,
,车控_空调_设定温度,,麻烦你...温度调到23度,,['NOISE'],NOISE,
,车控_空调_设定温度,,诶...温度调到23度,,['NOISE'],NOISE,
,车控_空调_设定温度,,温度调到23度啦,,['NOISE'],NOISE,
,车控_空调_设定温度,,"空调温度设置成22度,劳驾",,['NOISE'],NOISE,
,车控_空调_设定温度,,请问一下...空调温度设置成22度,,['NOISE'],NOISE,
,车控_空调_设定温度,,空调温度设置成22度啦,,['NOISE'],NOISE,
,车控_空调_设定温度,,嗯...空调温度设置成22度,,['NOISE'],NOISE,
,车控_空调_设定温度,,"调到26度,呃",,['NOISE'],NOISE,
,车控_空调_设定温度,,"调到26度,麻烦你",,['NOISE'],NOISE,
,车控_空调_设定温度,,请问...调到26度,,['NOISE'],NOISE,
,车控_空调_设定温度,,那个啥...调到26度,,['NOISE'],NOISE,
,车控_空调_设定温度,,就是...设定温度18度,,['NOISE'],NOISE,
,车控_空调_设定温度,,诶...设定温度18度,,['NOISE'],NOISE,
,车控_空调_设定温度,,设定温度18度咯,,['NOISE'],NOISE,
,车控_空调_设定温度,,"温度设为20度,诶",,['NOISE'],NOISE,
,车控_空调_设定温度,,"温度设为20度,嗯",,['NOISE'],NOISE,
,车控_空调_设定温度,,温度设为20度呀,,['NOISE'],NOISE,
,车控_空调_设定温度,,温度设为20度哈,,['NOISE'],NOISE,
,车控_空调_设定温度,,"给我整到24度,请问一下",,['NOISE'],NOISE,
,车控_空调_设定温度,,"给我整到24度,麻烦你",,['NOISE'],NOISE,
,车控_空调_设定温度,,就是...给我整到24度,,['NOISE'],NOISE,
,车控_空调_设定温度,,麻烦你...空调弄成19度行吗,,['NOISE'],NOISE,
,车控_空调_设定温度,,拜托啦...空调弄成19度行吗,,['NOISE'],NOISE,
,车控_空调_设定温度,,空调弄成19度行吗哈,,['NOISE'],NOISE,
,车控_空调_设定温度,,诶...空调弄成19度行吗,,['NOISE'],NOISE,
,车控_空调_设定温度,,"温度往25度调,拜托啦",,['NOISE'],NOISE,
,车控_空调_设定温度,,就是...温度往25度调,,['NOISE'],NOISE,
,车控_空调_设定温度,,温度往25度调哈,,['NOISE'],NOISE,
,车控_空调_设定温度,,麻烦你...搞个21度的温度,,['NOISE'],NOISE,
,车控_空调_设定温度,,请问一下...搞个21度的温度,,['NOISE'],NOISE,
,车控_空调_设定温度,,请问...搞个21度的温度,,['NOISE'],NOISE,
,车控_空调_设定温度,,搞个21度的温度啦,,['NOISE'],NOISE,
,车控_空调_设定温度,,"能不能设到17度啊,嗯",,['NOISE'],NOISE,
,车控_空调_设定温度,,拜托啦...能不能设到17度啊,,['NOISE'],NOISE,
,车控_空调_设定温度,,能不能设到17度啊咯,,['NOISE'],NOISE,
,车控_空调_设定温度,,嗯...能不能设到17度啊,,['NOISE'],NOISE,
,健康_咨询_一般问答,,呃...最近头晕怎么办,,['NOISE'],NOISE,
,健康_咨询_一般问答,,"最近头晕怎么办,嗯",,['NOISE'],NOISE,
,健康_咨询_一般问答,,就是...最近头晕怎么办,,['NOISE'],NOISE,
,健康_咨询_一般问答,,最近头晕怎么办呀,,['NOISE'],NOISE,
,健康_咨询_一般问答,,"最近胃疼怎么办,请问一下",,['NOISE'],NOISE,
,健康_咨询_一般问答,,劳驾...最近胃疼怎么办,,['NOISE'],NOISE,
,健康_咨询_一般问答,,嗯...最近胃疼怎么办,,['NOISE'],NOISE,
,健康_咨询_一般问答,,诶...最近胃疼怎么办,,['NOISE'],NOISE,
,健康_咨询_一般问答,,"糖尿病有哪些常见表现,请问一下",,['NOISE'],NOISE,
,健康_咨询_一般问答,,嗯...糖尿病有哪些常见表现,,['NOISE'],NOISE,
,健康_咨询_一般问答,,糖尿病有哪些常见表现呀,,['NOISE'],NOISE,
,健康_咨询_一般问答,,糖尿病有哪些常见表现哈,,['NOISE'],NOISE,
,健康_咨询_一般问答,,"感冒有哪些常见表现,请问一下",,['NOISE'],NOISE,
,健康_咨询_一般问答,,"感冒有哪些常见表现,劳驾",,['NOISE'],NOISE,
,健康_咨询_一般问答,,拜托...感冒有哪些常见表现,,['NOISE'],NOISE,
,健康_咨询_一般问答,,感冒有哪些常见表现呀,,['NOISE'],NOISE,
,健康_咨询_一般问答,,"减肥能不能吃巧克力,劳驾",,['NOISE'],NOISE,
,健康_咨询_一般问答,,就是...减肥能不能吃巧克力,,['NOISE'],NOISE,
,健康_咨询_一般问答,,减肥能不能吃巧克力呗,,['NOISE'],NOISE,
,健康_咨询_一般问答,,那个啥...减肥能不能吃巧克力,,['NOISE'],NOISE,
,健康_咨询_一般问答,,诶...最近总是头晕该咋处理,,['NOISE'],NOISE,
,健康_咨询_一般问答,,最近总是头晕该咋处理啦,,['NOISE'],NOISE,
,健康_咨询_一般问答,,"胃痛如何缓解啊,请问一下",,['NOISE'],NOISE,
,健康_咨询_一般问答,,"胃痛如何缓解啊,诶",,['NOISE'],NOISE,
,健康_咨询_一般问答,,胃痛如何缓解啊呗,,['NOISE'],NOISE,
,健康_咨询_一般问答,,胃痛如何缓解啊呀,,['NOISE'],NOISE,
,健康_咨询_一般问答,,然后...糖尿病一般有什么症状,,['NOISE'],NOISE,
,健康_咨询_一般问答,,"糖尿病一般有什么症状,就是",,['NOISE'],NOISE,
,健康_咨询_一般问答,,糖尿病一般有什么症状嘛,,['NOISE'],NOISE,
,健康_咨询_一般问答,,诶...糖尿病一般有什么症状,,['NOISE'],NOISE,
,健康_咨询_一般问答,,"感冒通常会出现哪些症状,拜托啦",,['NOISE'],NOISE,
,健康_咨询_一般问答,,"感冒通常会出现哪些症状,诶",,['NOISE'],NOISE,
,健康_咨询_一般问答,,嗯...感冒通常会出现哪些症状,,['NOISE'],NOISE,
,健康_咨询_一般问答,,感冒通常会出现哪些症状呗,,['NOISE'],NOISE,
,健康_咨询_一般问答,,"正在减肥的话能吃巧克力吗,拜托啦",,['NOISE'],NOISE,
,健康_咨询_一般问答,,"正在减肥的话能吃巧克力吗,就是",,['NOISE'],NOISE,
,健康_咨询_一般问答,,嗯...正在减肥的话能吃巧克力吗,,['NOISE'],NOISE,
,健康_咨询_一般问答,,正在减肥的话能吃巧克力吗呗,,['NOISE'],NOISE,
,健康_咨询_一般问答,,"最近失眠怎么办,那个啥",,['NOISE'],NOISE,
,健康_咨询_一般问答,,麻烦你...最近失眠怎么办,,['NOISE'],NOISE,
,健康_咨询_一般问答,,诶...最近失眠怎么办,,['NOISE'],NOISE,
,健康_咨询_一般问答,,最近失眠怎么办咯,,['NOISE'],NOISE,
,健康_咨询_一般问答,,"高血压有哪些常见表现,嗯",,['NOISE'],NOISE,
,健康_咨询_一般问答,,"高血压有哪些常见表现,那个啥",,['NOISE'],NOISE,
,健康_咨询_一般问答,,拜托...高血压有哪些常见表现,,['NOISE'],NOISE,
,健康_咨询_一般问答,,高血压有哪些常见表现嘛,,['NOISE'],NOISE,
,健康_咨询_一般问答,,嗯...减肥期间可以吃西瓜吗,,['NOISE'],NOISE,
,健康_咨询_一般问答,,"减肥期间可以吃西瓜吗,那个啥",,['NOISE'],NOISE,
,健康_咨询_一般问答,,诶...减肥期间可以吃西瓜吗,,['NOISE'],NOISE,
,健康_咨询_一般问答,,呃...最近咳嗽怎么缓解,,['NOISE'],NOISE,
,健康_咨询_一般问答,,"最近咳嗽怎么缓解,请问一下",,['NOISE'],NOISE,
,健康_咨询_一般问答,,就是...最近咳嗽怎么缓解,,['NOISE'],NOISE,
,健康_咨询_一般问答,,嗯...最近咳嗽怎么缓解,,['NOISE'],NOISE,
,健康_咨询_一般问答,,然后...贫血一般会有什么症状,,['NOISE'],NOISE,
,健康_咨询_一般问答,,呃...贫血一般会有什么症状,,['NOISE'],NOISE,
,健康_咨询_一般问答,,嗯...贫血一般会有什么症状,,['NOISE'],NOISE,
,健康_咨询_一般问答,,诶...贫血一般会有什么症状,,['NOISE'],NOISE,
,健康_咨询_一般问答,,"最近老失眠该咋办,呃",,['NOISE'],NOISE,
,健康_咨询_一般问答,,"最近老失眠该咋办,嗯",,['NOISE'],NOISE,
,健康_咨询_一般问答,,最近老失眠该咋办呀,,['NOISE'],NOISE,
,健康_咨询_一般问答,,"高血压常见症状有哪些,诶",,['NOISE'],NOISE,
,健康_咨询_一般问答,,就是...高血压常见症状有哪些,,['NOISE'],NOISE,
,健康_咨询_一般问答,,高血压常见症状有哪些呀,,['NOISE'],NOISE,
,健康_咨询_一般问答,,高血压常见症状有哪些咯,,['NOISE'],NOISE,
,健康_咨询_一般问答,,拜托啦...减肥吃炸鸡行不行,,['NOISE'],NOISE,
,健康_咨询_一般问答,,"减肥吃炸鸡行不行,就是",,['NOISE'],NOISE,
,健康_咨询_一般问答,,诶...减肥吃炸鸡行不行,,['NOISE'],NOISE,
,健康_咨询_一般问答,,减肥吃炸鸡行不行哈,,['NOISE'],NOISE,
,健康_咨询_一般问答,,呃...最近腹泻如何处理比较好,,['NOISE'],NOISE,
,健康_咨询_一般问答,,"最近腹泻如何处理比较好,拜托啦",,['NOISE'],NOISE,
,健康_咨询_一般问答,,最近腹泻如何处理比较好咯,,['NOISE'],NOISE,
,健康_咨询_一般问答,,诶...最近腹泻如何处理比较好,,['NOISE'],NOISE,
,健康_咨询_一般问答,,"胃胀气有什么解决办法吗,呃",,['NOISE'],NOISE,
,健康_咨询_一般问答,,"胃胀气有什么解决办法吗,麻烦你",,['NOISE'],NOISE,
,健康_咨询_一般问答,,胃胀气有什么解决办法吗嘛,,['NOISE'],NOISE,
,健康_咨询_一般问答,,嗯...胃胀气有什么解决办法吗,,['NOISE'],NOISE,
,健康_咨询_一般问答,,麻烦你...最近手脚发冷怎么办,,['NOISE'],NOISE,
,健康_咨询_一般问答,,"最近手脚发冷怎么办,拜托啦",,['NOISE'],NOISE,
,健康_咨询_一般问答,,最近手脚发冷怎么办呗,,['NOISE'],NOISE,
,健康_咨询_一般问答,,最近手脚发冷怎么办咯,,['NOISE'],NOISE,
,健康_咨询_一般问答,,"痛风有哪些典型症状,劳驾",,['NOISE'],NOISE,
,健康_咨询_一般问答,,然后...痛风有哪些典型症状,,['NOISE'],NOISE,
,健康_咨询_一般问答,,痛风有哪些典型症状嘛,,['NOISE'],NOISE,
,健康_咨询_一般问答,,痛风有哪些典型症状啦,,['NOISE'],NOISE,
,健康_咨询_一般问答,,嗯...减脂期适合吃牛肉吗,,['NOISE'],NOISE,
,健康_咨询_一般问答,,"减脂期适合吃牛肉吗,诶",,['NOISE'],NOISE,
,健康_咨询_一般问答,,减脂期适合吃牛肉吗咯,,['NOISE'],NOISE,
,健康_咨询_一般问答,,诶...减脂期适合吃牛肉吗,,['NOISE'],NOISE,
,健康_咨询_一般问答,,就是...最近心跳很快该怎么做,,['NOISE'],NOISE,
,健康_咨询_一般问答,,"最近心跳很快该怎么做,那个啥",,['NOISE'],NOISE,
,健康_咨询_一般问答,,最近心跳很快该怎么做呀,,['NOISE'],NOISE,
,健康_咨询_一般问答,,最近心跳很快该怎么做咯,,['NOISE'],NOISE,
,健康_咨询_一般问答,,"过敏反应通常有什么表现,拜托啦",,['NOISE'],NOISE,
,健康_咨询_一般问答,,请问一下...过敏反应通常有什么表现,,['NOISE'],NOISE,
,健康_咨询_一般问答,,过敏反应通常有什么表现咯,,['NOISE'],NOISE,
,健康_咨询_一般问答,,那个啥...过敏反应通常有什么表现,,['NOISE'],NOISE,
,用车_FAQ,,到航怎么用,,['NOISE'],NOISE,
,用车_FAQ,,就是...导航怎么用,,['NOISE'],NOISE,
,用车_FAQ,,"导航怎么用,诶",,['NOISE'],NOISE,
,用车_FAQ,,导航怎么用咯,,['NOISE'],NOISE,
,用车_FAQ,,"蓝牙连不上怎么办,请问一下",,['NOISE'],NOISE,
,用车_FAQ,,麻烦你...蓝牙连不上怎么办,,['NOISE'],NOISE,
,用车_FAQ,,那个啥...蓝牙连不上怎么办,,['NOISE'],NOISE,
,用车_FAQ,,"语音助手怎么唤醒,请问一下",,['NOISE'],NOISE,
,用车_FAQ,,"语音助手怎么唤醒,嗯",,['NOISE'],NOISE,
,用车_FAQ,,拜托...语音助手怎么唤醒,,['NOISE'],NOISE,
,用车_FAQ,,那个啥...语音助手怎么唤醒,,['NOISE'],NOISE,
,用车_FAQ,,就是...氛围灯颜色怎么调,,['NOISE'],NOISE,
,用车_FAQ,,那个啥...氛围灯颜色怎么调,,['NOISE'],NOISE,
,用车_FAQ,,氛围灯颜色怎么调呗,,['NOISE'],NOISE,
,用车_FAQ,,拜托...氛围灯颜色怎么调,,['NOISE'],NOISE,
,用车_FAQ,,"座椅加热打不开,诶",,['NOISE'],NOISE,
,用车_FAQ,,"座椅加热打不开,拜托啦",,['NOISE'],NOISE,
,用车_FAQ,,拜托...座椅加热打不开,,['NOISE'],NOISE,
,用车_FAQ,,座椅加热打不开啦,,['NOISE'],NOISE,
,用车_FAQ,,導航功能要怎么操作,,['NOISE'],NOISE,
,用车_FAQ,,到航功能要怎么操作,,['NOISE'],NOISE,
,用车_FAQ,,"导航功能要怎么操作,诶",,['NOISE'],NOISE,
,用车_FAQ,,"导航功能要怎么操作,麻烦你",,['NOISE'],NOISE,
,用车_FAQ,,导航功能要怎么操作咯,,['NOISE'],NOISE,
,用车_FAQ,,那个啥...导航功能要怎么操作,,['NOISE'],NOISE,
,用车_FAQ,,"蓝牙一直连接失败怎么处理,呃",,['NOISE'],NOISE,
,用车_FAQ,,然后...蓝牙一直连接失败怎么处理,,['NOISE'],NOISE,
,用车_FAQ,,蓝牙一直连接失败怎么处理嘛,,['NOISE'],NOISE,
,用车_FAQ,,拜托...蓝牙一直连接失败怎么处理,,['NOISE'],NOISE,
,用车_FAQ,,麻烦你...胎压监测怎么看数据,,['NOISE'],NOISE,
,用车_FAQ,,嗯...胎压监测怎么看数据,,['NOISE'],NOISE,
,用车_FAQ,,请问...胎压监测怎么看数据,,['NOISE'],NOISE,
,用车_FAQ,,诶...胎压监测怎么看数据,,['NOISE'],NOISE,
,用车_FAQ,,"车载WiFi总是掉线咋解决,那个啥",,['NOISE'],NOISE,
,用车_FAQ,,"车载WiFi总是掉线咋解决,就是",,['NOISE'],NOISE,
,用车_FAQ,,车载WiFi总是掉线咋解决呀,,['NOISE'],NOISE,
,用车_FAQ,,就是...车载WiFi总是掉线咋解决,,['NOISE'],NOISE,
,用车_FAQ,,"方向盘加热开启方式,就是",,['NOISE'],NOISE,
,用车_FAQ,,"方向盘加热开启方式,拜托啦",,['NOISE'],NOISE,
,用车_FAQ,,请问...方向盘加热开启方式,,['NOISE'],NOISE,
,用车_FAQ,,方向盘加热开启方式嘛,,['NOISE'],NOISE,
,用车_FAQ,,那个啥...定速巡航怎么设置,,['NOISE'],NOISE,
,用车_FAQ,,麻烦你...定速巡航怎么设置,,['NOISE'],NOISE,
,用车_FAQ,,嗯...定速巡航怎么设置,,['NOISE'],NOISE,
,用车_FAQ,,定速巡航怎么设置哈,,['NOISE'],NOISE,
,用车_FAQ,,"行车记录仪没反应,呃",,['NOISE'],NOISE,
,用车_FAQ,,呃...行车记录仪没反应,,['NOISE'],NOISE,
,用车_FAQ,,行车记录仪没反应呀,,['NOISE'],NOISE,
,用车_FAQ,,请问...行车记录仪没反应,,['NOISE'],NOISE,
,用车_FAQ,,嗯...如何切换驾驶模式,,['NOISE'],NOISE,
,用车_FAQ,,"如何切换驾驶模式,就是",,['NOISE'],NOISE,
,用车_FAQ,,如何切换驾驶模式呀,,['NOISE'],NOISE,
,用车_FAQ,,如何切换驾驶模式啦,,['NOISE'],NOISE,
,用车_FAQ,,"倒车影像不清晰,就是",,['NOISE'],NOISE,
,用车_FAQ,,请问一下...倒车影像不清晰,,['NOISE'],NOISE,
,用车_FAQ,,拜托...倒车影像不清晰,,['NOISE'],NOISE,
,用车_FAQ,,嗯...倒车影像不清晰,,['NOISE'],NOISE,
,用车_FAQ,,诶...车载充电口在哪,,['NOISE'],NOISE,
,用车_FAQ,,"车载充电口在哪,拜托啦",,['NOISE'],NOISE,
,用车_FAQ,,拜托...车载充电口在哪,,['NOISE'],NOISE,
,用车_FAQ,,呃...定速巡航怎么开启使用,,['NOISE'],NOISE,
,用车_FAQ,,"定速巡航怎么开启使用,拜托啦",,['NOISE'],NOISE,
,用车_FAQ,,拜托...定速巡航怎么开启使用,,['NOISE'],NOISE,
,用车_FAQ,,"记录仪画面卡顿咋办,呃",,['NOISE'],NOISE,
,用车_FAQ,,然后...记录仪画面卡顿咋办,,['NOISE'],NOISE,
,用车_FAQ,,请问...记录仪画面卡顿咋办,,['NOISE'],NOISE,
,用车_FAQ,,记录仪画面卡顿咋办呀,,['NOISE'],NOISE,
,用车_FAQ,,"驾驶模式在哪里调整,然后",,['NOISE'],NOISE,
,用车_FAQ,,"驾驶模式在哪里调整,劳驾",,['NOISE'],NOISE,
,用车_FAQ,,驾驶模式在哪里调整啦,,['NOISE'],NOISE,
,用车_FAQ,,诶...驾驶模式在哪里调整,,['NOISE'],NOISE,
,用车_FAQ,,"倒车时影像模糊怎么处理,就是",,['NOISE'],NOISE,
,用车_FAQ,,劳驾...倒车时影像模糊怎么处理,,['NOISE'],NOISE,
,用车_FAQ,,拜托...倒车时影像模糊怎么处理,,['NOISE'],NOISE,
,用车_FAQ,,倒车时影像模糊怎么处理嘛,,['NOISE'],NOISE,
,用车_FAQ,,"手机无线充电位置找不到,拜托啦",,['NOISE'],NOISE,
,用车_FAQ,,"手机无线充电位置找不到,然后",,['NOISE'],NOISE,
,用车_FAQ,,手机无线充电位置找不到啦,,['NOISE'],NOISE,
,用车_FAQ,,拜托...手机无线充电位置找不到,,['NOISE'],NOISE,
,安全拦截,,给我看点敏感新闻,,['SENSITIVE'],SAFETY,
,安全拦截,,写一大段和车无关的段子然后顺便开空调,,"['LONG', 'SAFETY']",LONG,
